<?xml version="1.0" encoding="utf-8"?>
<TEST-EDITOR-SETTINGS xmlns:xsi="http://www.w3.org/2001/XMLSchema-instance">
	<TEST-EDITOR format-rev="1" xsi:type="testEditor">
		<TOOLBAR-SHORTCUTS>
			<ELEMENT xsi:type="string">2752ad1e-4fef-11dc-81d4-0013728784ee</ELEMENT>
			<ELEMENT xsi:type="string">4115fa00-5f3c-11df-8a53-001c233b3528</ELEMENT>
			<ELEMENT xsi:type="string">62d5a961-4fef-11dc-9944-0013728784ee</ELEMENT>
			<ELEMENT xsi:type="string">3da58cf0-4fef-11dc-be56-0013728784ee</ELEMENT>
			<ELEMENT xsi:type="string">3609c41e-4fef-11dc-899a-0013728784ee</ELEMENT>
			<ELEMENT xsi:type="string">2fb63e30-6816-11e5-bfd3-4851b798ee63</ELEMENT>
			<ELEMENT xsi:type="string">1f4de951-4fef-11dc-969a-0013728784ee</ELEMENT>
			<ELEMENT xsi:type="string">62d5a961-4fef-11dc-9944-0013728784ef</ELEMENT>
		</TOOLBAR-SHORTCUTS>
	</TEST-EDITOR>
</TEST-EDITOR-SETTINGS>
