time;VehTrStby;speed
0.000000;0.00;0.00
0.010000;0.00;0.00
0.020000;0.00;0.00
0.030000;0.00;0.00
0.040000;0.00;0.00
0.050000;0.00;0.00
0.060000;0.00;0.00
0.070000;0.00;0.00
0.080000;0.00;0.00
0.090000;0.00;0.00
0.100000;0.00;0.00
0.110000;0.00;0.00
0.120000;0.00;0.00
0.130000;0.00;0.00
0.140000;0.00;0.00
0.150000;0.00;0.00
0.160000;0.00;0.00
0.170000;0.00;0.00
0.180000;0.00;0.00
0.190000;0.00;0.00
0.200000;0.00;0.00
0.210000;0.00;0.00
0.220000;0.00;0.00
0.230000;0.00;0.00
0.240000;0.00;0.00
0.250000;0.00;0.00
0.260000;0.00;0.00
0.270000;0.00;0.00
0.280000;0.00;0.00
0.290000;0.00;0.00
0.300000;0.00;0.00
0.310000;0.00;0.00
0.320000;0.00;0.00
0.330000;0.00;0.00
0.340000;0.00;0.00
0.350000;0.00;0.00
0.360000;0.00;0.00
0.370000;0.00;0.00
0.380000;0.00;0.00
0.390000;0.00;0.00
0.400000;0.00;0.00
0.410000;0.00;0.00
0.420000;0.00;0.00
0.430000;0.00;0.00
0.440000;0.00;0.00
0.450000;0.00;0.00
0.460000;0.00;0.00
0.470000;0.00;0.00
0.480000;0.00;0.00
0.490000;0.00;0.00
0.500000;0.00;0.00
0.510000;0.00;0.00
0.520000;0.00;0.00
0.530000;0.00;0.00
0.540000;0.00;0.00
0.550000;0.00;0.00
0.560000;0.00;0.00
0.570000;0.00;0.00
0.580000;0.00;0.00
0.590000;0.00;0.00
0.600000;0.00;0.00
0.610000;0.00;0.00
0.620000;0.00;0.00
0.630000;0.00;0.00
0.640000;0.00;0.00
0.650000;0.00;0.00
0.660000;0.00;0.00
0.670000;0.00;0.00
0.680000;0.00;0.00
0.690000;0.00;0.00
0.700000;0.00;0.00
0.710000;0.00;0.00
0.720000;0.00;0.00
0.730000;0.00;0.00
0.740000;0.00;0.00
0.750000;0.00;0.00
0.760000;0.00;0.00
0.770000;0.00;0.00
0.780000;0.00;0.00
0.790000;0.00;0.00
0.800000;0.00;0.00
0.810000;0.00;0.00
0.820000;0.00;0.00
0.830000;0.00;0.00
0.840000;0.00;0.00
0.850000;0.00;0.00
0.860000;0.00;0.00
0.870000;0.00;0.00
0.880000;0.00;0.00
0.890000;0.00;0.00
0.900000;0.00;0.00
0.910000;0.00;0.00
0.920000;0.00;0.00
0.930000;0.00;0.00
0.940000;0.00;0.00
0.950000;0.00;0.00
0.960000;0.00;0.00
0.970000;0.00;0.00
0.980000;0.00;0.00
0.990000;0.00;0.00
1.000000;0.00;0.00
1.010000;0.00;0.00
1.020000;0.00;0.00
1.030000;0.00;0.00
1.040000;0.00;0.00
1.050000;0.00;0.00
1.060000;0.00;0.00
1.070000;0.00;0.00
1.080000;0.00;0.00
1.090000;0.00;0.00
1.100000;0.00;0.00
1.110000;0.00;0.00
1.120000;0.00;0.00
1.130000;0.00;0.00
1.140000;0.00;0.00
1.150000;0.00;0.00
1.160000;0.00;0.00
1.170000;0.00;0.00
1.180000;0.00;0.00
1.190000;0.00;0.00
1.200000;0.00;0.00
1.210000;0.00;0.00
1.220000;0.00;0.00
1.230000;0.00;0.00
1.240000;0.00;0.00
1.250000;0.00;0.00
1.260000;0.00;0.00
1.270000;0.00;0.00
1.280000;0.00;0.00
1.290000;0.00;0.00
1.300000;0.00;0.00
1.310000;0.00;0.00
1.320000;0.00;0.00
1.330000;0.00;0.00
1.340000;1.00;0.00
1.350000;1.00;0.00
1.360000;1.00;0.00
1.370000;1.00;0.00
1.380000;1.00;0.00
1.390000;1.00;0.00
1.400000;1.00;0.00
1.410000;1.00;0.00
1.420000;1.00;0.00
1.430000;1.00;0.00
1.440000;1.00;0.00
1.450000;1.00;0.00
1.460000;1.00;0.00
1.470000;1.00;0.00
1.480000;1.00;0.00
1.490000;1.00;0.00
1.500000;1.00;0.00
1.510000;1.00;0.00
1.520000;1.00;0.00
1.530000;1.00;0.00
1.540000;1.00;0.00
1.550000;1.00;0.00
1.560000;1.00;0.00
1.570000;1.00;0.00
1.580000;1.00;0.00
1.590000;1.00;0.00
1.600000;1.00;0.00
1.610000;1.00;0.00
1.620000;1.00;0.00
1.630000;1.00;0.00
1.640000;1.00;0.00
1.650000;1.00;0.00
1.660000;1.00;0.00
1.670000;1.00;0.00
1.680000;1.00;0.00
1.690000;1.00;0.00
1.700000;1.00;0.00
1.710000;1.00;0.00
1.720000;1.00;0.00
1.730000;1.00;0.00
1.740000;1.00;0.00
1.750000;1.00;0.00
1.760000;1.00;0.00
1.770000;1.00;0.00
1.780000;1.00;0.00
1.790000;1.00;0.00
1.800000;1.00;0.00
1.810000;1.00;0.00
1.820000;1.00;0.00
1.830000;1.00;0.00
1.840000;1.00;0.00
1.850000;1.00;0.00
1.860000;1.00;0.00
1.870000;1.00;0.00
1.880000;1.00;0.00
1.890000;1.00;0.00
1.900000;1.00;0.00
1.910000;1.00;0.00
1.920000;1.00;0.00
1.930000;1.00;0.00
1.940000;1.00;0.00
1.950000;1.00;0.00
1.960000;1.00;0.00
1.970000;1.00;0.00
1.980000;1.00;0.00
1.990000;1.00;0.00
2.000000;1.00;0.00
2.010000;1.00;0.00
2.020000;1.00;0.00
2.030000;1.00;0.00
2.040000;1.00;0.00
2.050000;1.00;0.00
2.060000;1.00;0.00
2.070000;1.00;0.00
2.080000;1.00;0.00
2.090000;1.00;0.00
2.100000;1.00;0.00
2.110000;1.00;0.00
2.120000;1.00;0.00
2.130000;1.00;0.00
2.140000;1.00;0.00
2.150000;1.00;0.00
2.160000;1.00;0.00
2.170000;1.00;0.00
2.180000;1.00;0.00
2.190000;1.00;0.00
2.200000;1.00;0.00
2.210000;1.00;0.00
2.220000;1.00;0.00
2.230000;1.00;0.00
2.240000;1.00;0.00
2.250000;1.00;0.00
2.260000;1.00;0.00
2.270000;1.00;0.00
2.280000;1.00;0.00
2.290000;1.00;0.00
2.300000;1.00;0.00
2.310000;1.00;0.00
2.320000;1.00;0.00
2.330000;1.00;0.00
2.340000;1.00;0.00
2.350000;1.00;0.00
2.360000;1.00;0.00
2.370000;1.00;0.00
2.380000;1.00;0.00
2.390000;1.00;0.00
2.400000;1.00;0.00
2.410000;1.00;0.00
2.420000;1.00;0.00
2.430000;1.00;0.00
2.440000;1.00;0.00
2.450000;1.00;0.00
2.460000;1.00;0.00
2.470000;1.00;0.00
2.480000;1.00;0.00
2.490000;1.00;0.00
2.500000;1.00;0.00
2.510000;1.00;0.00
2.520000;1.00;0.00
2.530000;1.00;0.00
2.540000;1.00;0.00
2.550000;1.00;0.00
2.560000;1.00;0.00
2.570000;1.00;0.00
2.580000;1.00;0.00
2.590000;1.00;0.00
2.600000;1.00;0.00
2.610000;1.00;0.00
2.620000;1.00;0.00
2.630000;1.00;0.00
2.640000;1.00;0.00
2.650000;1.00;0.00
2.660000;1.00;0.00
2.670000;1.00;0.00
2.680000;1.00;0.00
2.690000;1.00;0.00
2.700000;1.00;0.00
2.710000;1.00;0.00
2.720000;1.00;0.00
2.730000;1.00;0.00
2.740000;1.00;0.00
2.750000;1.00;0.00
2.760000;1.00;0.00
2.770000;1.00;0.00
2.780000;1.00;0.00
2.790000;1.00;0.00
2.800000;1.00;0.00
2.810000;1.00;0.00
2.820000;1.00;0.00
2.830000;1.00;0.00
2.840000;1.00;0.00
2.850000;1.00;0.00
2.860000;1.00;0.00
2.870000;1.00;0.00
2.880000;1.00;0.00
2.890000;1.00;0.00
2.900000;1.00;0.00
2.910000;1.00;0.00
2.920000;1.00;0.00
2.930000;1.00;0.00
2.940000;1.00;0.00
2.950000;1.00;0.00
2.960000;1.00;0.00
2.970000;1.00;0.00
2.980000;1.00;0.00
2.990000;1.00;0.00
3.000000;1.00;0.00
3.010000;1.00;0.00
3.020000;1.00;0.00
3.030000;1.00;0.00
3.040000;1.00;0.00
3.050000;1.00;0.00
3.060000;1.00;0.00
3.070000;1.00;0.00
3.080000;1.00;0.00
3.090000;1.00;0.00
3.100000;1.00;0.00
3.110000;1.00;0.00
3.120000;1.00;0.00
3.130000;1.00;0.00
3.140000;1.00;0.00
3.150000;1.00;0.00
3.160000;1.00;0.00
3.170000;1.00;0.00
3.180000;1.00;0.00
3.190000;1.00;0.00
3.200000;1.00;0.00
3.210000;1.00;0.00
3.220000;1.00;0.00
3.230000;1.00;0.00
3.240000;1.00;0.00
3.250000;1.00;0.00
3.260000;1.00;0.00
3.270000;1.00;0.00
3.280000;1.00;0.00
3.290000;1.00;0.00
3.300000;1.00;0.02
3.310000;1.00;0.10
3.320000;1.00;0.18
3.330000;1.00;0.26
3.340000;1.00;0.34
3.350000;1.00;0.42
3.360000;1.00;0.49
3.370000;1.00;0.57
3.380000;1.00;0.65
3.390000;1.00;0.73
3.400000;1.00;0.81
3.410000;1.00;0.89
3.420000;1.00;0.97
3.430000;1.00;1.05
3.440000;1.00;1.13
3.450000;1.00;1.21
3.460000;1.00;1.29
3.470000;1.00;1.37
3.480000;1.00;1.45
3.490000;1.00;1.53
3.500000;1.00;1.61
3.510000;1.00;1.68
3.520000;1.00;1.76
3.530000;1.00;1.84
3.540000;1.00;1.92
3.550000;1.00;2.00
3.560000;1.00;2.08
3.570000;1.00;2.16
3.580000;1.00;2.23
3.590000;1.00;2.31
3.600000;1.00;2.39
3.610000;1.00;2.47
3.620000;1.00;2.55
3.630000;1.00;2.63
3.640000;1.00;2.71
3.650000;1.00;2.78
3.660000;1.00;2.86
3.670000;1.00;2.94
3.680000;1.00;3.02
3.690000;1.00;3.10
3.700000;1.00;3.17
3.710000;1.00;3.25
3.720000;1.00;3.33
3.730000;1.00;3.41
3.740000;1.00;3.48
3.750000;1.00;3.56
3.760000;1.00;3.64
3.770000;1.00;3.72
3.780000;1.00;3.79
3.790000;1.00;3.87
3.800000;1.00;3.95
3.810000;1.00;4.03
3.820000;1.00;4.10
3.830000;1.00;4.18
3.840000;1.00;4.26
3.850000;1.00;4.34
3.860000;1.00;4.41
3.870000;1.00;4.49
3.880000;1.00;4.57
3.890000;1.00;4.64
3.900000;1.00;4.72
3.910000;1.00;4.80
3.920000;1.00;4.87
3.930000;1.00;4.95
3.940000;1.00;5.03
3.950000;1.00;5.10
3.960000;1.00;5.18
3.970000;1.00;5.26
3.980000;1.00;5.33
3.990000;1.00;5.41
4.000000;1.00;5.49
4.010000;1.00;5.56
4.020000;1.00;5.64
4.030000;1.00;5.72
4.040000;1.00;5.79
4.050000;1.00;5.87
4.060000;1.00;5.94
4.070000;1.00;6.02
4.080000;1.00;6.10
4.090000;1.00;6.17
4.100000;1.00;6.25
4.110000;1.00;6.32
4.120000;1.00;6.40
4.130000;1.00;6.47
4.140000;1.00;6.55
4.150000;1.00;6.63
4.160000;1.00;6.70
4.170000;1.00;6.78
4.180000;1.00;6.85
4.190000;1.00;6.93
4.200000;1.00;7.00
4.210000;1.00;7.08
4.220000;1.00;7.15
4.230000;1.00;7.23
4.240000;1.00;7.30
4.250000;1.00;7.38
4.260000;1.00;7.45
4.270000;1.00;7.53
4.280000;1.00;7.60
4.290000;1.00;7.68
4.300000;1.00;7.75
4.310000;1.00;7.83
4.320000;1.00;7.90
4.330000;1.00;7.98
4.340000;1.00;8.05
4.350000;1.00;8.13
4.360000;1.00;8.20
4.370000;1.00;8.28
4.380000;1.00;8.35
4.390000;1.00;8.43
4.400000;1.00;8.50
4.410000;1.00;8.57
4.420000;1.00;8.65
4.430000;1.00;8.72
4.440000;1.00;8.80
4.450000;1.00;8.87
4.460000;1.00;8.95
4.470000;1.00;9.02
4.480000;1.00;9.09
4.490000;1.00;9.17
4.500000;1.00;9.24
4.510000;1.00;9.31
4.520000;1.00;9.39
4.530000;1.00;9.46
4.540000;1.00;9.54
4.550000;1.00;9.61
4.560000;1.00;9.68
4.570000;1.00;9.76
4.580000;1.00;9.83
4.590000;1.00;9.90
4.600000;1.00;9.98
4.610000;1.00;10.05
4.620000;1.00;10.12
4.630000;1.00;10.20
4.640000;1.00;10.27
4.650000;1.00;10.34
4.660000;1.00;10.42
4.670000;1.00;10.49
4.680000;1.00;10.56
4.690000;1.00;10.63
4.700000;1.00;10.71
4.710000;1.00;10.78
4.720000;1.00;10.85
4.730000;1.00;10.93
4.740000;1.00;11.00
4.750000;1.00;11.07
4.760000;1.00;11.14
4.770000;1.00;11.22
4.780000;1.00;11.29
4.790000;1.00;11.36
4.800000;1.00;11.43
4.810000;1.00;11.51
4.820000;1.00;11.58
4.830000;1.00;11.65
4.840000;1.00;11.72
4.850000;1.00;11.80
4.860000;1.00;11.87
4.870000;1.00;11.94
4.880000;1.00;12.01
4.890000;1.00;12.08
4.900000;1.00;12.16
4.910000;1.00;12.23
4.920000;1.00;12.30
4.930000;1.00;12.37
4.940000;1.00;12.44
4.950000;1.00;12.51
4.960000;1.00;12.59
4.970000;1.00;12.66
4.980000;1.00;12.73
4.990000;1.00;12.80
5.000000;1.00;12.87
5.010000;1.00;12.94
5.020000;1.00;13.01
5.030000;1.00;13.09
5.040000;1.00;13.16
5.050000;1.00;13.23
5.060000;1.00;13.30
5.070000;1.00;13.37
5.080000;1.00;13.44
5.090000;1.00;13.51
5.100000;1.00;13.58
5.110000;1.00;13.65
5.120000;1.00;13.73
5.130000;1.00;13.80
5.140000;1.00;13.87
5.150000;1.00;13.94
5.160000;1.00;14.01
5.170000;1.00;14.08
5.180000;1.00;14.15
5.190000;1.00;14.22
5.200000;1.00;14.29
5.210000;1.00;14.36
5.220000;1.00;14.43
5.230000;1.00;14.50
5.240000;1.00;14.57
5.250000;1.00;14.64
5.260000;1.00;14.71
5.270000;1.00;14.78
5.280000;1.00;14.85
5.290000;1.00;14.92
5.300000;1.00;14.99
5.310000;1.00;15.06
5.320000;1.00;15.13
5.330000;1.00;15.20
5.340000;1.00;15.27
5.350000;1.00;15.34
5.360000;1.00;15.41
5.370000;1.00;15.48
5.380000;1.00;15.55
5.390000;1.00;15.62
5.400000;1.00;15.69
5.410000;1.00;15.76
5.420000;1.00;15.83
5.430000;1.00;15.90
5.440000;1.00;15.97
5.450000;1.00;16.04
5.460000;1.00;16.11
5.470000;1.00;16.18
5.480000;1.00;16.25
5.490000;1.00;16.31
5.500000;1.00;16.38
5.510000;1.00;16.45
5.520000;1.00;16.52
5.530000;1.00;16.59
5.540000;1.00;16.66
5.550000;1.00;16.73
5.560000;1.00;16.80
5.570000;1.00;16.87
5.580000;1.00;16.94
5.590000;1.00;17.00
5.600000;1.00;17.07
5.610000;1.00;17.14
5.620000;1.00;17.21
5.630000;1.00;17.28
5.640000;1.00;17.35
5.650000;1.00;17.41
5.660000;1.00;17.48
5.670000;1.00;17.55
5.680000;1.00;17.62
5.690000;1.00;17.69
5.700000;1.00;17.76
5.710000;1.00;17.82
5.720000;1.00;17.89
5.730000;1.00;17.96
5.740000;1.00;18.03
5.750000;1.00;18.10
5.760000;1.00;18.16
5.770000;1.00;18.23
5.780000;1.00;18.30
5.790000;1.00;18.37
5.800000;1.00;18.44
5.810000;1.00;18.50
5.820000;1.00;18.57
5.830000;1.00;18.64
5.840000;1.00;18.71
5.850000;1.00;18.77
5.860000;1.00;18.84
5.870000;1.00;18.91
5.880000;1.00;18.98
5.890000;1.00;19.04
5.900000;1.00;19.11
5.910000;1.00;19.18
5.920000;1.00;19.25
5.930000;1.00;19.31
5.940000;1.00;19.38
5.950000;1.00;19.45
5.960000;1.00;19.51
5.970000;1.00;19.58
5.980000;1.00;19.65
5.990000;1.00;19.71
6.000000;1.00;19.78
6.010000;1.00;19.85
6.020000;1.00;19.91
6.030000;1.00;19.98
6.040000;1.00;20.05
6.050000;1.00;20.11
6.060000;1.00;20.18
6.070000;1.00;20.25
6.080000;1.00;20.31
6.090000;1.00;20.38
6.100000;1.00;20.45
6.110000;1.00;20.51
6.120000;1.00;20.58
6.130000;1.00;20.65
6.140000;1.00;20.71
6.150000;1.00;20.78
6.160000;1.00;20.84
6.170000;1.00;20.91
6.180000;1.00;20.98
6.190000;1.00;21.04
6.200000;1.00;21.11
6.210000;1.00;21.17
6.220000;1.00;21.24
6.230000;1.00;21.31
6.240000;1.00;21.37
6.250000;1.00;21.44
6.260000;1.00;21.50
6.270000;1.00;21.57
6.280000;1.00;21.63
6.290000;1.00;21.70
6.300000;1.00;21.77
6.310000;1.00;21.83
6.320000;1.00;21.90
6.330000;1.00;21.96
6.340000;1.00;22.03
6.350000;1.00;22.09
6.360000;1.00;22.16
6.370000;1.00;22.22
6.380000;1.00;22.29
6.390000;1.00;22.35
6.400000;1.00;22.42
6.410000;1.00;22.48
6.420000;1.00;22.55
6.430000;1.00;22.61
6.440000;1.00;22.68
6.450000;1.00;22.74
6.460000;1.00;22.81
6.470000;1.00;22.87
6.480000;1.00;22.94
6.490000;1.00;23.00
6.500000;1.00;23.07
6.510000;1.00;23.13
6.520000;1.00;23.20
6.530000;1.00;23.26
6.540000;1.00;23.32
6.550000;1.00;23.39
6.560000;1.00;23.45
6.570000;1.00;23.52
6.580000;1.00;23.58
6.590000;1.00;23.65
6.600000;1.00;23.71
6.610000;1.00;23.77
6.620000;1.00;23.84
6.630000;1.00;23.90
6.640000;1.00;23.97
6.650000;1.00;24.03
6.660000;1.00;24.09
6.670000;1.00;24.16
6.680000;1.00;24.22
6.690000;1.00;24.29
6.700000;1.00;24.35
6.710000;1.00;24.41
6.720000;1.00;24.48
6.730000;1.00;24.54
6.740000;1.00;24.61
6.750000;1.00;24.67
6.760000;1.00;24.73
6.770000;1.00;24.80
6.780000;1.00;24.86
6.790000;1.00;24.92
6.800000;1.00;24.99
6.810000;1.00;25.05
6.820000;1.00;25.11
6.830000;1.00;25.18
6.840000;1.00;25.24
6.850000;1.00;25.30
6.860000;1.00;25.37
6.870000;1.00;25.43
6.880000;1.00;25.49
6.890000;1.00;25.55
6.900000;1.00;25.62
6.910000;1.00;25.68
6.920000;1.00;25.74
6.930000;1.00;25.81
6.940000;1.00;25.87
6.950000;1.00;25.93
6.960000;1.00;25.99
6.970000;1.00;26.06
6.980000;1.00;26.12
6.990000;1.00;26.18
7.000000;1.00;26.24
7.010000;1.00;26.31
7.020000;1.00;26.37
7.030000;1.00;26.43
7.040000;1.00;26.49
7.050000;1.00;26.56
7.060000;1.00;26.62
7.070000;1.00;26.68
7.080000;1.00;26.74
7.090000;1.00;26.81
7.100000;1.00;26.87
7.110000;1.00;26.93
7.120000;1.00;26.99
7.130000;1.00;27.05
7.140000;1.00;27.12
7.150000;1.00;27.18
7.160000;1.00;27.24
7.170000;1.00;27.30
7.180000;1.00;27.36
7.190000;1.00;27.42
7.200000;1.00;27.49
7.210000;1.00;27.55
7.220000;1.00;27.61
7.230000;1.00;27.67
7.240000;1.00;27.73
7.250000;1.00;27.79
7.260000;1.00;27.86
7.270000;1.00;27.92
7.280000;1.00;27.98
7.290000;1.00;28.04
7.300000;1.00;28.10
7.310000;1.00;28.16
7.320000;1.00;28.22
7.330000;1.00;28.28
7.340000;1.00;28.35
7.350000;1.00;28.41
7.360000;1.00;28.47
7.370000;1.00;28.53
7.380000;1.00;28.59
7.390000;1.00;28.65
7.400000;1.00;28.71
7.410000;1.00;28.77
7.420000;1.00;28.83
7.430000;1.00;28.89
7.440000;1.00;28.95
7.450000;1.00;29.02
7.460000;1.00;29.08
7.470000;1.00;29.14
7.480000;1.00;29.20
7.490000;1.00;29.26
7.500000;1.00;29.32
7.510000;1.00;29.38
7.520000;1.00;29.44
7.530000;1.00;29.50
7.540000;1.00;29.56
7.550000;1.00;29.62
7.560000;1.00;29.68
7.570000;1.00;29.74
7.580000;1.00;29.80
7.590000;1.00;29.86
7.600000;1.00;29.92
7.610000;1.00;29.98
7.620000;1.00;30.04
7.630000;1.00;30.10
7.640000;1.00;30.16
7.650000;1.00;30.22
7.660000;1.00;30.28
7.670000;1.00;30.34
7.680000;1.00;30.40
7.690000;1.00;30.46
7.700000;1.00;30.52
7.710000;1.00;30.58
7.720000;1.00;30.64
7.730000;1.00;30.70
7.740000;1.00;30.76
7.750000;1.00;30.82
7.760000;1.00;30.88
7.770000;1.00;30.94
7.780000;1.00;31.00
7.790000;1.00;31.05
7.800000;1.00;31.11
7.810000;1.00;31.17
7.820000;1.00;31.23
7.830000;1.00;31.29
7.840000;1.00;31.35
7.850000;1.00;31.41
7.860000;1.00;31.47
7.870000;1.00;31.53
7.880000;1.00;31.59
7.890000;1.00;31.65
7.900000;1.00;31.70
7.910000;1.00;31.76
7.920000;1.00;31.82
7.930000;1.00;31.88
7.940000;1.00;31.94
7.950000;1.00;32.00
7.960000;1.00;32.06
7.970000;1.00;32.12
7.980000;1.00;32.17
7.990000;1.00;32.23
8.000000;1.00;32.29
8.010000;1.00;32.35
8.020000;1.00;32.41
8.030000;1.00;32.47
8.040000;1.00;32.52
8.050000;1.00;32.58
8.060000;1.00;32.64
8.070000;1.00;32.70
8.080000;1.00;32.76
8.090000;1.00;32.82
8.100000;1.00;32.87
8.110000;1.00;32.93
8.120000;1.00;32.99
8.130000;1.00;33.05
8.140000;1.00;33.11
8.150000;1.00;33.16
8.160000;1.00;33.22
8.170000;1.00;33.28
8.180000;1.00;33.34
8.190000;1.00;33.39
8.200000;1.00;33.45
8.210000;1.00;33.51
8.220000;1.00;33.57
8.230000;1.00;33.63
8.240000;1.00;33.68
8.250000;1.00;33.74
8.260000;1.00;33.80
8.270000;1.00;33.86
8.280000;1.00;33.91
8.290000;1.00;33.97
8.300000;1.00;34.03
8.310000;1.00;34.09
8.320000;1.00;34.14
8.330000;1.00;34.20
8.340000;1.00;34.26
8.350000;1.00;34.31
8.360000;1.00;34.37
8.370000;1.00;34.43
8.380000;1.00;34.49
8.390000;1.00;34.54
8.400000;1.00;34.60
8.410000;1.00;34.66
8.420000;1.00;34.71
8.430000;1.00;34.77
8.440000;1.00;34.83
8.450000;1.00;34.88
8.460000;1.00;34.94
8.470000;1.00;35.00
8.480000;1.00;35.05
8.490000;1.00;35.11
8.500000;1.00;35.17
8.510000;1.00;35.22
8.520000;1.00;35.28
8.530000;1.00;35.34
8.540000;1.00;35.39
8.550000;1.00;35.45
8.560000;1.00;35.51
8.570000;1.00;35.56
8.580000;1.00;35.62
8.590000;1.00;35.67
8.600000;1.00;35.73
8.610000;1.00;35.79
8.620000;1.00;35.84
8.630000;1.00;35.90
8.640000;1.00;35.95
8.650000;1.00;36.01
8.660000;1.00;36.07
8.670000;1.00;36.12
8.680000;1.00;36.18
8.690000;1.00;36.23
8.700000;1.00;36.29
8.710000;1.00;36.35
8.720000;1.00;36.40
8.730000;1.00;36.46
8.740000;1.00;36.51
8.750000;1.00;36.57
8.760000;1.00;36.62
8.770000;1.00;36.68
8.780000;1.00;36.74
8.790000;1.00;36.79
8.800000;1.00;36.85
8.810000;1.00;36.90
8.820000;1.00;36.96
8.830000;1.00;37.01
8.840000;1.00;37.07
8.850000;1.00;37.12
8.860000;1.00;37.18
8.870000;1.00;37.23
8.880000;1.00;37.29
8.890000;1.00;37.34
8.900000;1.00;37.40
8.910000;1.00;37.45
8.920000;1.00;37.51
8.930000;1.00;37.56
8.940000;1.00;37.62
8.950000;1.00;37.67
8.960000;1.00;37.73
8.970000;1.00;37.78
8.980000;1.00;37.84
8.990000;1.00;37.89
9.000000;1.00;37.95
9.010000;1.00;38.00
9.020000;1.00;38.06
9.030000;1.00;38.11
9.040000;1.00;38.17
9.050000;1.00;38.22
9.060000;1.00;38.28
9.070000;1.00;38.33
9.080000;1.00;38.38
9.090000;1.00;38.44
9.100000;1.00;38.49
9.110000;1.00;38.55
9.120000;1.00;38.60
9.130000;1.00;38.66
9.140000;1.00;38.71
9.150000;1.00;38.76
9.160000;1.00;38.82
9.170000;1.00;38.87
9.180000;1.00;38.93
9.190000;1.00;38.98
9.200000;1.00;39.03
9.210000;1.00;39.09
9.220000;1.00;39.14
9.230000;1.00;39.20
9.240000;1.00;39.25
9.250000;1.00;39.30
9.260000;1.00;39.36
9.270000;1.00;39.41
9.280000;1.00;39.47
9.290000;1.00;39.52
9.300000;1.00;39.57
9.310000;1.00;39.63
9.320000;1.00;39.68
9.330000;1.00;39.73
9.340000;1.00;39.79
9.350000;1.00;39.84
9.360000;1.00;39.89
9.370000;1.00;39.95
9.380000;1.00;40.00
9.390000;1.00;40.05
9.400000;1.00;40.11
9.410000;1.00;40.16
9.420000;1.00;40.21
9.430000;1.00;40.27
9.440000;1.00;40.32
9.450000;1.00;40.37
9.460000;1.00;40.43
9.470000;1.00;40.48
9.480000;1.00;40.53
9.490000;1.00;40.58
9.500000;1.00;40.64
9.510000;1.00;40.69
9.520000;1.00;40.74
9.530000;1.00;40.80
9.540000;1.00;40.85
9.550000;1.00;40.90
9.560000;1.00;40.95
9.570000;1.00;41.01
9.580000;1.00;41.06
9.590000;1.00;41.11
9.600000;1.00;41.16
9.610000;1.00;41.22
9.620000;1.00;41.27
9.630000;1.00;41.32
9.640000;1.00;41.37
9.650000;1.00;41.43
9.660000;1.00;41.48
9.670000;1.00;41.53
9.680000;1.00;41.58
9.690000;1.00;41.64
9.700000;1.00;41.69
9.710000;1.00;41.74
9.720000;1.00;41.79
9.730000;1.00;41.85
9.740000;1.00;41.90
9.750000;1.00;41.95
9.760000;1.00;42.00
9.770000;1.00;42.05
9.780000;1.00;42.11
9.790000;1.00;42.16
9.800000;1.00;42.21
9.810000;1.00;42.26
9.820000;1.00;42.31
9.830000;1.00;42.36
9.840000;1.00;42.42
9.850000;1.00;42.47
9.860000;1.00;42.52
9.870000;1.00;42.57
9.880000;1.00;42.62
9.890000;1.00;42.67
9.900000;1.00;42.73
9.910000;1.00;42.78
9.920000;1.00;42.83
9.930000;1.00;42.88
9.940000;1.00;42.93
9.950000;1.00;42.98
9.960000;1.00;43.03
9.970000;1.00;43.09
9.980000;1.00;43.14
9.990000;1.00;43.19
10.000000;1.00;43.24
10.010000;1.00;43.29
10.020000;1.00;43.34
10.030000;1.00;43.39
10.040000;1.00;43.44
10.050000;1.00;43.49
10.060000;1.00;43.55
10.070000;1.00;43.60
10.080000;1.00;43.65
10.090000;1.00;43.70
10.100000;1.00;43.75
10.110000;1.00;43.80
10.120000;1.00;43.85
10.130000;1.00;43.90
10.140000;1.00;43.95
10.150000;1.00;44.00
10.160000;1.00;44.05
10.170000;1.00;44.10
10.180000;1.00;44.16
10.190000;1.00;44.21
10.200000;1.00;44.26
10.210000;1.00;44.31
10.220000;1.00;44.36
10.230000;1.00;44.41
10.240000;1.00;44.46
10.250000;1.00;44.51
10.260000;1.00;44.56
10.270000;1.00;44.61
10.280000;1.00;44.66
10.290000;1.00;44.71
10.300000;1.00;44.76
10.310000;1.00;44.81
10.320000;1.00;44.86
10.330000;1.00;44.91
10.340000;1.00;44.96
10.350000;1.00;45.01
10.360000;1.00;45.06
10.370000;1.00;45.11
10.380000;1.00;45.16
10.390000;1.00;45.21
10.400000;1.00;45.26
10.410000;1.00;45.31
10.420000;1.00;45.36
10.430000;1.00;45.41
10.440000;1.00;45.46
10.450000;1.00;45.51
10.460000;1.00;45.56
10.470000;1.00;45.61
10.480000;1.00;45.66
10.490000;1.00;45.71
10.500000;1.00;45.76
10.510000;1.00;45.81
10.520000;1.00;45.85
10.530000;1.00;45.90
10.540000;1.00;45.95
10.550000;1.00;46.00
10.560000;1.00;46.05
10.570000;1.00;46.10
10.580000;1.00;46.15
10.590000;1.00;46.20
10.600000;1.00;46.25
10.610000;1.00;46.30
10.620000;1.00;46.35
10.630000;1.00;46.40
10.640000;1.00;46.45
10.650000;1.00;46.49
10.660000;1.00;46.54
10.670000;1.00;46.59
10.680000;1.00;46.64
10.690000;1.00;46.69
10.700000;1.00;46.74
10.710000;1.00;46.79
10.720000;1.00;46.84
10.730000;1.00;46.89
10.740000;1.00;46.93
10.750000;1.00;46.98
10.760000;1.00;47.03
10.770000;1.00;47.08
10.780000;1.00;47.13
10.790000;1.00;47.18
10.800000;1.00;47.23
10.810000;1.00;47.27
10.820000;1.00;47.32
10.830000;1.00;47.37
10.840000;1.00;47.42
10.850000;1.00;47.47
10.860000;1.00;47.52
10.870000;1.00;47.56
10.880000;1.00;47.61
10.890000;1.00;47.66
10.900000;1.00;47.71
10.910000;1.00;47.76
10.920000;1.00;47.81
10.930000;1.00;47.85
10.940000;1.00;47.90
10.950000;1.00;47.95
10.960000;1.00;48.00
10.970000;1.00;48.05
10.980000;1.00;48.09
10.990000;1.00;48.14
11.000000;1.00;48.19
11.010000;1.00;48.24
11.020000;1.00;48.29
11.030000;1.00;48.33
11.040000;1.00;48.38
11.050000;1.00;48.43
11.060000;1.00;48.48
11.070000;1.00;48.52
11.080000;1.00;48.57
11.090000;1.00;48.62
11.100000;1.00;48.67
11.110000;1.00;48.71
11.120000;1.00;48.76
11.130000;1.00;48.81
11.140000;1.00;48.86
11.150000;1.00;48.90
11.160000;1.00;48.95
11.170000;1.00;49.00
11.180000;1.00;49.05
11.190000;1.00;49.09
11.200000;1.00;49.14
11.210000;1.00;49.19
11.220000;1.00;49.24
11.230000;1.00;49.28
11.240000;1.00;49.33
11.250000;1.00;49.38
11.260000;1.00;49.42
11.270000;1.00;49.47
11.280000;1.00;49.52
11.290000;1.00;49.56
11.300000;1.00;49.61
11.310000;1.00;49.66
11.320000;1.00;49.71
11.330000;1.00;49.75
11.340000;1.00;49.80
11.350000;1.00;49.85
11.360000;1.00;49.89
11.370000;1.00;49.94
11.380000;1.00;49.99
11.390000;1.00;50.03
11.400000;1.00;50.08
11.410000;1.00;50.13
11.420000;1.00;50.17
11.430000;1.00;50.22
11.440000;1.00;50.27
11.450000;1.00;50.31
11.460000;1.00;50.36
11.470000;1.00;50.41
11.480000;1.00;50.45
11.490000;1.00;50.50
11.500000;1.00;50.54
11.510000;1.00;50.59
11.520000;1.00;50.64
11.530000;1.00;50.68
11.540000;1.00;50.73
11.550000;1.00;50.78
11.560000;1.00;50.82
11.570000;1.00;50.87
11.580000;1.00;50.91
11.590000;1.00;50.96
11.600000;1.00;49.99
11.610000;1.00;49.91
11.620000;1.00;49.84
11.630000;1.00;49.77
11.640000;1.00;49.70
11.650000;1.00;49.63
11.660000;1.00;49.56
11.670000;1.00;49.49
11.680000;1.00;49.42
11.690000;1.00;49.35
11.700000;1.00;49.28
11.710000;1.00;49.21
11.720000;1.00;49.14
11.730000;1.00;49.07
11.740000;1.00;49.00
11.750000;1.00;48.93
11.760000;1.00;48.86
11.770000;1.00;48.79
11.780000;1.00;48.72
11.790000;1.00;48.65
11.800000;1.00;48.58
11.810000;1.00;48.51
11.820000;1.00;48.44
11.830000;1.00;48.37
11.840000;1.00;48.30
11.850000;1.00;48.23
11.860000;1.00;48.16
11.870000;1.00;48.09
11.880000;1.00;48.03
11.890000;1.00;47.96
11.900000;1.00;47.89
11.910000;1.00;47.82
11.920000;1.00;47.75
11.930000;1.00;47.68
11.940000;1.00;47.62
11.950000;1.00;47.55
11.960000;1.00;47.48
11.970000;1.00;47.41
11.980000;1.00;47.34
11.990000;1.00;47.28
12.000000;1.00;47.21
12.010000;1.00;47.14
12.020000;1.00;47.07
12.030000;1.00;47.01
12.040000;1.00;46.94
12.050000;1.00;46.87
12.060000;1.00;46.81
12.070000;1.00;46.74
12.080000;1.00;46.67
12.090000;1.00;46.61
12.100000;1.00;46.54
12.110000;1.00;46.47
12.120000;1.00;46.41
12.130000;1.00;46.34
12.140000;1.00;46.27
12.150000;1.00;46.21
12.160000;1.00;46.14
12.170000;1.00;46.08
12.180000;1.00;46.01
12.190000;1.00;45.95
12.200000;1.00;45.88
12.210000;1.00;45.81
12.220000;1.00;45.75
12.230000;1.00;45.68
12.240000;1.00;45.62
12.250000;1.00;45.55
12.260000;1.00;45.49
12.270000;1.00;45.42
12.280000;1.00;45.36
12.290000;1.00;45.29
12.300000;1.00;45.23
12.310000;1.00;45.16
12.320000;1.00;45.10
12.330000;1.00;45.04
12.340000;1.00;44.97
12.350000;1.00;44.91
12.360000;1.00;44.84
12.370000;1.00;44.78
12.380000;1.00;44.71
12.390000;1.00;44.65
12.400000;1.00;44.59
12.410000;1.00;44.52
12.420000;1.00;44.46
12.430000;1.00;44.40
12.440000;1.00;44.33
12.450000;1.00;44.27
12.460000;1.00;44.21
12.470000;1.00;44.14
12.480000;1.00;44.08
12.490000;1.00;44.02
12.500000;1.00;43.95
12.510000;1.00;43.89
12.520000;1.00;43.83
12.530000;1.00;43.77
12.540000;1.00;43.70
12.550000;1.00;43.64
12.560000;1.00;43.58
12.570000;1.00;43.52
12.580000;1.00;43.46
12.590000;1.00;43.39
12.600000;1.00;43.33
12.610000;1.00;43.27
12.620000;1.00;43.21
12.630000;1.00;43.15
12.640000;1.00;43.08
12.650000;1.00;43.02
12.660000;1.00;42.96
12.670000;1.00;42.90
12.680000;1.00;42.84
12.690000;1.00;42.78
12.700000;1.00;42.72
12.710000;1.00;42.66
12.720000;1.00;42.60
12.730000;1.00;42.53
12.740000;1.00;42.47
12.750000;1.00;42.41
12.760000;1.00;42.35
12.770000;1.00;42.29
12.780000;1.00;42.23
12.790000;1.00;42.17
12.800000;1.00;42.11
12.810000;1.00;42.05
12.820000;1.00;41.99
12.830000;1.00;41.93
12.840000;1.00;41.87
12.850000;1.00;41.81
12.860000;1.00;41.75
12.870000;1.00;41.69
12.880000;1.00;41.63
12.890000;1.00;41.57
12.900000;1.00;41.51
12.910000;1.00;41.45
12.920000;1.00;41.40
12.930000;1.00;41.34
12.940000;1.00;41.28
12.950000;1.00;41.22
12.960000;1.00;41.16
12.970000;1.00;41.10
12.980000;1.00;41.04
12.990000;1.00;40.98
13.000000;1.00;40.92
13.010000;1.00;40.87
13.020000;1.00;40.81
13.030000;1.00;40.75
13.040000;1.00;40.69
13.050000;1.00;40.63
13.060000;1.00;40.58
13.070000;1.00;40.52
13.080000;1.00;40.46
13.090000;1.00;40.40
13.100000;1.00;40.34
13.110000;1.00;40.29
13.120000;1.00;40.23
13.130000;1.00;40.17
13.140000;1.00;40.11
13.150000;1.00;40.06
13.160000;1.00;40.00
13.170000;1.00;39.94
13.180000;1.00;39.89
13.190000;1.00;39.83
13.200000;1.00;39.77
13.210000;1.00;39.72
13.220000;1.00;39.66
13.230000;1.00;39.60
13.240000;1.00;39.55
13.250000;1.00;39.49
13.260000;1.00;39.43
13.270000;1.00;39.38
13.280000;1.00;39.32
13.290000;1.00;39.26
13.300000;1.00;39.21
13.310000;1.00;39.15
13.320000;1.00;39.10
13.330000;1.00;39.04
13.340000;1.00;38.98
13.350000;1.00;38.93
13.360000;1.00;38.87
13.370000;1.00;38.82
13.380000;1.00;38.76
13.390000;1.00;38.71
13.400000;1.00;38.65
13.410000;1.00;38.60
13.420000;1.00;38.54
13.430000;1.00;38.49
13.440000;1.00;38.43
13.450000;1.00;38.38
13.460000;1.00;38.32
13.470000;1.00;38.27
13.480000;1.00;38.21
13.490000;1.00;38.16
13.500000;1.00;38.10
13.510000;1.00;38.05
13.520000;1.00;37.99
13.530000;1.00;37.94
13.540000;1.00;37.89
13.550000;1.00;37.83
13.560000;1.00;37.78
13.570000;1.00;37.72
13.580000;1.00;37.67
13.590000;1.00;37.62
13.600000;1.00;37.56
13.610000;1.00;37.51
13.620000;1.00;37.46
13.630000;1.00;37.40
13.640000;1.00;37.35
13.650000;1.00;37.30
13.660000;1.00;37.24
13.670000;1.00;37.19
13.680000;1.00;37.14
13.690000;1.00;37.08
13.700000;1.00;37.03
13.710000;1.00;36.98
13.720000;1.00;36.92
13.730000;1.00;36.87
13.740000;1.00;36.82
13.750000;1.00;36.77
13.760000;1.00;36.71
13.770000;1.00;36.66
13.780000;1.00;36.61
13.790000;1.00;36.56
13.800000;1.00;36.51
13.810000;1.00;36.45
13.820000;1.00;36.40
13.830000;1.00;36.35
13.840000;1.00;36.30
13.850000;1.00;36.25
13.860000;1.00;36.19
13.870000;1.00;36.14
13.880000;1.00;36.09
13.890000;1.00;36.04
13.900000;1.00;35.99
13.910000;1.00;35.94
13.920000;1.00;35.88
13.930000;1.00;35.83
13.940000;1.00;35.78
13.950000;1.00;35.73
13.960000;1.00;35.68
13.970000;1.00;35.63
13.980000;1.00;35.58
13.990000;1.00;35.53
14.000000;1.00;35.48
14.010000;1.00;35.43
14.020000;1.00;35.38
14.030000;1.00;35.33
14.040000;1.00;35.27
14.050000;1.00;35.22
14.060000;1.00;35.17
14.070000;1.00;35.12
14.080000;1.00;35.07
14.090000;1.00;35.02
14.100000;1.00;34.97
14.110000;1.00;34.92
14.120000;1.00;34.87
14.130000;1.00;34.82
14.140000;1.00;34.77
14.150000;1.00;34.72
14.160000;1.00;34.68
14.170000;1.00;34.63
14.180000;1.00;34.58
14.190000;1.00;34.53
14.200000;1.00;34.48
14.210000;1.00;34.43
14.220000;1.00;34.38
14.230000;1.00;34.33
14.240000;1.00;34.28
14.250000;1.00;34.23
14.260000;1.00;34.18
14.270000;1.00;34.13
14.280000;1.00;34.09
14.290000;1.00;34.04
14.300000;1.00;33.99
14.310000;1.00;33.94
14.320000;1.00;33.89
14.330000;1.00;33.84
14.340000;1.00;33.79
14.350000;1.00;33.75
14.360000;1.00;33.70
14.370000;1.00;33.65
14.380000;1.00;33.60
14.390000;1.00;33.55
14.400000;1.00;33.51
14.410000;1.00;33.46
14.420000;1.00;33.41
14.430000;1.00;33.36
14.440000;1.00;33.32
14.450000;1.00;33.27
14.460000;1.00;33.22
14.470000;1.00;33.17
14.480000;1.00;33.13
14.490000;1.00;33.08
14.500000;1.00;33.03
14.510000;1.00;32.98
14.520000;1.00;32.94
14.530000;1.00;32.89
14.540000;1.00;32.84
14.550000;1.00;32.80
14.560000;1.00;32.75
14.570000;1.00;32.70
14.580000;1.00;32.66
14.590000;1.00;32.61
14.600000;1.00;32.56
14.610000;1.00;32.52
14.620000;1.00;32.47
14.630000;1.00;32.42
14.640000;1.00;32.38
14.650000;1.00;32.33
14.660000;1.00;32.28
14.670000;1.00;32.24
14.680000;1.00;32.19
14.690000;1.00;32.15
14.700000;1.00;32.10
14.710000;1.00;32.05
14.720000;1.00;32.01
14.730000;1.00;31.96
14.740000;1.00;31.92
14.750000;1.00;31.87
14.760000;1.00;31.83
14.770000;1.00;31.78
14.780000;1.00;31.74
14.790000;1.00;31.69
14.800000;1.00;31.65
14.810000;1.00;31.60
14.820000;1.00;31.56
14.830000;1.00;31.51
14.840000;1.00;31.47
14.850000;1.00;31.42
14.860000;1.00;31.38
14.870000;1.00;31.33
14.880000;1.00;31.29
14.890000;1.00;31.24
14.900000;1.00;31.20
14.910000;1.00;31.15
14.920000;1.00;31.11
14.930000;1.00;31.06
14.940000;1.00;31.02
14.950000;1.00;30.97
14.960000;1.00;30.93
14.970000;1.00;30.89
14.980000;1.00;30.84
14.990000;1.00;30.80
15.000000;1.00;30.75
15.010000;1.00;30.71
15.020000;1.00;30.67
15.030000;1.00;30.62
15.040000;1.00;30.58
15.050000;1.00;30.54
15.060000;1.00;30.49
15.070000;1.00;30.45
15.080000;1.00;30.40
15.090000;1.00;30.36
15.100000;1.00;30.32
15.110000;1.00;30.27
15.120000;1.00;30.23
15.130000;1.00;30.19
15.140000;1.00;30.15
15.150000;1.00;30.10
15.160000;1.00;30.06
15.170000;1.00;30.02
15.180000;1.00;30.00
15.190000;1.00;29.92
15.200000;1.00;29.84
15.210000;1.00;29.76
15.220000;1.00;29.68
15.230000;1.00;29.60
15.240000;1.00;29.52
15.250000;1.00;29.44
15.260000;1.00;29.36
15.270000;1.00;29.28
15.280000;1.00;29.20
15.290000;1.00;29.12
15.300000;1.00;29.04
15.310000;1.00;28.96
15.320000;1.00;28.88
15.330000;1.00;28.80
15.340000;1.00;28.72
15.350000;1.00;28.64
15.360000;1.00;28.56
15.370000;1.00;28.48
15.380000;1.00;28.40
15.390000;1.00;28.32
15.400000;1.00;28.24
15.410000;1.00;28.16
15.420000;1.00;28.09
15.430000;1.00;28.01
15.440000;1.00;27.93
15.450000;1.00;27.85
15.460000;1.00;27.77
15.470000;1.00;27.69
15.480000;1.00;27.61
15.490000;1.00;27.53
15.500000;1.00;27.45
15.510000;1.00;27.37
15.520000;1.00;27.29
15.530000;1.00;27.21
15.540000;1.00;27.13
15.550000;1.00;27.05
15.560000;1.00;26.97
15.570000;1.00;26.89
15.580000;1.00;26.81
15.590000;1.00;26.73
15.600000;1.00;26.65
15.610000;1.00;26.57
15.620000;1.00;26.49
15.630000;1.00;26.41
15.640000;1.00;26.33
15.650000;1.00;26.25
15.660000;1.00;26.17
15.670000;1.00;26.09
15.680000;1.00;26.01
15.690000;1.00;25.93
15.700000;1.00;25.85
15.710000;1.00;25.77
15.720000;1.00;25.69
15.730000;1.00;25.61
15.740000;1.00;25.53
15.750000;1.00;25.45
15.760000;1.00;25.37
15.770000;1.00;25.29
15.780000;1.00;25.21
15.790000;1.00;25.13
15.800000;1.00;25.05
15.810000;1.00;24.97
15.820000;1.00;24.89
15.830000;1.00;24.81
15.840000;1.00;24.73
15.850000;1.00;24.65
15.860000;1.00;24.57
15.870000;1.00;24.49
15.880000;1.00;24.41
15.890000;1.00;24.34
15.900000;1.00;24.26
15.910000;1.00;24.18
15.920000;1.00;24.10
15.930000;1.00;24.02
15.940000;1.00;23.94
15.950000;1.00;23.86
15.960000;1.00;23.78
15.970000;1.00;23.70
15.980000;1.00;23.62
15.990000;1.00;23.54
16.000000;1.00;23.46
16.010000;1.00;23.38
16.020000;1.00;23.30
16.030000;1.00;23.22
16.040000;1.00;23.14
16.050000;1.00;23.06
16.060000;1.00;22.98
16.070000;1.00;22.90
16.080000;1.00;22.82
16.090000;1.00;22.74
16.100000;1.00;22.66
16.110000;1.00;22.58
16.120000;1.00;22.50
16.130000;1.00;22.42
16.140000;1.00;22.34
16.150000;1.00;22.26
16.160000;1.00;22.18
16.170000;1.00;22.10
16.180000;1.00;22.02
16.190000;1.00;21.94
16.200000;1.00;21.86
16.210000;1.00;21.78
16.220000;1.00;21.70
16.230000;1.00;21.62
16.240000;1.00;21.54
16.250000;1.00;21.46
16.260000;1.00;21.38
16.270000;1.00;21.30
16.280000;1.00;21.22
16.290000;1.00;21.14
16.300000;1.00;21.06
16.310000;1.00;20.98
16.320000;1.00;20.90
16.330000;1.00;20.82
16.340000;1.00;20.74
16.350000;1.00;20.66
16.360000;1.00;20.59
16.370000;1.00;20.51
16.380000;1.00;20.43
16.390000;1.00;20.35
16.400000;1.00;20.27
16.410000;1.00;20.19
16.420000;1.00;20.11
16.430000;1.00;20.03
16.440000;1.00;19.95
16.450000;1.00;19.87
16.460000;1.00;19.79
16.470000;1.00;19.71
16.480000;1.00;19.63
16.490000;1.00;19.55
16.500000;1.00;19.47
16.510000;1.00;19.39
16.520000;1.00;19.31
16.530000;1.00;19.23
16.540000;1.00;19.15
16.550000;1.00;19.07
16.560000;1.00;18.99
16.570000;1.00;18.91
16.580000;1.00;18.83
16.590000;1.00;18.75
16.600000;1.00;18.67
16.610000;1.00;18.59
16.620000;1.00;18.51
16.630000;1.00;18.43
16.640000;1.00;18.35
16.650000;1.00;18.27
16.660000;1.00;18.19
16.670000;1.00;18.11
16.680000;1.00;18.03
16.690000;1.00;17.95
16.700000;1.00;17.87
16.710000;1.00;17.79
16.720000;1.00;17.71
16.730000;1.00;17.63
16.740000;1.00;17.55
16.750000;1.00;17.47
16.760000;1.00;17.39
16.770000;1.00;17.31
16.780000;1.00;17.23
16.790000;1.00;17.15
16.800000;1.00;17.07
16.810000;1.00;16.99
16.820000;1.00;16.91
16.830000;1.00;16.84
16.840000;1.00;16.76
16.850000;1.00;16.68
16.860000;1.00;16.60
16.870000;1.00;16.52
16.880000;1.00;16.44
16.890000;1.00;16.36
16.900000;1.00;16.28
16.910000;1.00;16.20
16.920000;1.00;16.12
16.930000;1.00;16.04
16.940000;1.00;15.96
16.950000;1.00;15.88
16.960000;1.00;15.80
16.970000;1.00;15.72
16.980000;1.00;15.64
16.990000;1.00;15.56
17.000000;1.00;15.48
17.010000;1.00;15.40
17.020000;1.00;15.32
17.030000;1.00;15.24
17.040000;1.00;15.16
17.050000;1.00;15.08
17.060000;1.00;15.00
17.070000;1.00;14.92
17.080000;1.00;14.84
17.090000;1.00;14.76
17.100000;1.00;14.68
17.110000;1.00;14.60
17.120000;1.00;14.52
17.130000;1.00;14.44
17.140000;1.00;14.36
17.150000;1.00;14.28
17.160000;1.00;14.20
17.170000;1.00;14.12
17.180000;1.00;14.04
17.190000;1.00;13.96
17.200000;1.00;13.88
17.210000;1.00;13.80
17.220000;1.00;13.72
17.230000;1.00;13.64
17.240000;1.00;13.56
17.250000;1.00;13.48
17.260000;1.00;13.40
17.270000;1.00;13.32
17.280000;1.00;13.24
17.290000;1.00;13.16
17.300000;1.00;13.09
17.310000;1.00;13.01
17.320000;1.00;12.93
17.330000;1.00;12.85
17.340000;1.00;12.77
17.350000;1.00;12.69
17.360000;1.00;12.61
17.370000;1.00;12.53
17.380000;1.00;12.45
17.390000;1.00;12.37
17.400000;1.00;12.29
17.410000;1.00;12.21
17.420000;1.00;12.13
17.430000;1.00;12.05
17.440000;1.00;11.97
17.450000;1.00;11.89
17.460000;1.00;11.81
17.470000;1.00;11.73
17.480000;1.00;11.65
17.490000;1.00;11.57
17.500000;1.00;11.49
17.510000;1.00;11.41
17.520000;1.00;11.33
17.530000;1.00;11.25
17.540000;1.00;11.17
17.550000;1.00;11.09
17.560000;1.00;11.01
17.570000;1.00;10.93
17.580000;1.00;10.85
17.590000;1.00;10.77
17.600000;1.00;10.69
17.610000;1.00;10.61
17.620000;1.00;10.53
17.630000;1.00;10.45
17.640000;1.00;10.37
17.650000;1.00;10.29
17.660000;1.00;10.21
17.670000;1.00;10.13
17.680000;1.00;10.05
17.690000;1.00;9.97
17.700000;1.00;9.89
17.710000;1.00;9.81
17.720000;1.00;9.73
17.730000;1.00;9.65
17.740000;1.00;9.57
17.750000;1.00;9.49
17.760000;1.00;9.41
17.770000;1.00;9.34
17.780000;1.00;9.26
17.790000;1.00;9.18
17.800000;1.00;9.10
17.810000;1.00;9.02
17.820000;1.00;8.94
17.830000;1.00;8.86
17.840000;1.00;8.78
17.850000;1.00;8.70
17.860000;1.00;8.62
17.870000;1.00;8.54
17.880000;1.00;8.46
17.890000;1.00;8.38
17.900000;1.00;8.30
17.910000;1.00;8.22
17.920000;1.00;8.14
17.930000;1.00;8.06
17.940000;1.00;7.98
17.950000;1.00;7.90
17.960000;1.00;7.82
17.970000;1.00;7.74
17.980000;1.00;7.66
17.990000;1.00;7.58
18.000000;1.00;7.50
18.010000;1.00;7.42
18.020000;1.00;7.34
18.030000;1.00;7.26
18.040000;1.00;7.18
18.050000;1.00;7.10
18.060000;1.00;7.02
18.070000;1.00;6.94
18.080000;1.00;6.86
18.090000;1.00;6.78
18.100000;1.00;6.70
18.110000;1.00;6.62
18.120000;1.00;6.54
18.130000;1.00;6.46
18.140000;1.00;6.38
18.150000;1.00;6.30
18.160000;1.00;6.22
18.170000;1.00;6.14
18.180000;1.00;6.06
18.190000;1.00;5.98
18.200000;1.00;5.90
18.210000;1.00;5.82
18.220000;1.00;5.74
18.230000;1.00;5.66
18.240000;1.00;5.59
18.250000;1.00;5.51
18.260000;1.00;5.43
18.270000;1.00;5.35
18.280000;1.00;5.27
18.290000;1.00;5.19
18.300000;1.00;5.11
18.310000;1.00;5.03
18.320000;1.00;4.95
18.330000;1.00;4.87
18.340000;1.00;4.79
18.350000;1.00;4.71
18.360000;1.00;4.63
18.370000;1.00;4.55
18.380000;1.00;4.47
18.390000;1.00;4.39
18.400000;1.00;4.31
18.410000;1.00;4.23
18.420000;1.00;4.15
18.430000;1.00;4.07
18.440000;1.00;3.99
18.450000;1.00;3.91
18.460000;1.00;3.83
18.470000;1.00;3.75
18.480000;1.00;3.67
18.490000;1.00;3.59
18.500000;1.00;3.51
18.510000;1.00;3.43
18.520000;1.00;3.35
18.530000;1.00;3.27
18.540000;1.00;3.19
18.550000;1.00;3.11
18.560000;1.00;3.03
18.570000;1.00;2.95
18.580000;1.00;2.87
18.590000;1.00;2.79
18.600000;1.00;2.71
18.610000;1.00;2.63
18.620000;1.00;2.55
18.630000;1.00;2.47
18.640000;1.00;2.39
18.650000;1.00;2.31
18.660000;1.00;2.23
18.670000;1.00;2.15
18.680000;1.00;2.07
18.690000;1.00;1.99
18.700000;1.00;1.91
18.710000;1.00;1.84
18.720000;1.00;1.76
18.730000;1.00;1.68
18.740000;1.00;1.60
18.750000;1.00;1.52
18.760000;1.00;1.44
18.770000;1.00;1.36
18.780000;1.00;1.28
18.790000;1.00;1.20
18.800000;1.00;1.12
18.810000;1.00;1.04
18.820000;1.00;0.96
18.830000;1.00;0.88
18.840000;1.00;0.80
18.850000;1.00;0.72
18.860000;1.00;0.64
18.870000;1.00;0.56
18.880000;1.00;0.48
18.890000;1.00;0.40
18.900000;1.00;0.32
18.910000;1.00;0.24
18.920000;1.00;0.16
18.930000;1.00;0.08
18.940000;1.00;0.00
18.950000;1.00;0.00
18.960000;1.00;0.00
18.970000;1.00;0.00
18.980000;1.00;0.00
18.990000;1.00;0.00
19.000000;1.00;0.00
19.010000;1.00;0.00
19.020000;1.00;0.00
19.030000;1.00;0.00
19.040000;1.00;0.00
19.050000;1.00;0.00
19.060000;1.00;0.00
19.070000;1.00;0.00
19.080000;1.00;0.00
19.090000;1.00;0.00
19.100000;1.00;0.00
19.110000;1.00;0.00
19.120000;1.00;0.00
19.130000;1.00;0.00
19.140000;1.00;0.00
19.150000;1.00;0.00
19.160000;1.00;0.00
19.170000;1.00;0.00
19.180000;1.00;0.00
19.190000;1.00;0.00
19.200000;1.00;0.00
19.210000;1.00;0.00
19.220000;1.00;0.00
19.230000;1.00;0.00
19.240000;1.00;0.00
19.250000;1.00;0.00
19.260000;1.00;0.00
19.270000;1.00;0.00
19.280000;1.00;0.00
19.290000;1.00;0.00
19.300000;1.00;0.00
19.310000;1.00;0.00
19.320000;1.00;0.00
19.330000;1.00;0.00
19.340000;1.00;0.00
19.350000;1.00;0.00
19.360000;1.00;0.00
19.370000;1.00;0.00
19.380000;1.00;0.00
19.390000;1.00;0.00
19.400000;1.00;0.00
19.410000;1.00;0.00
19.420000;1.00;0.00
19.430000;1.00;0.00
19.440000;1.00;0.00
19.450000;1.00;0.00
19.460000;1.00;0.00
19.470000;1.00;0.00
19.480000;1.00;0.00
19.490000;1.00;0.00
19.500000;1.00;0.00
19.510000;1.00;0.00
19.520000;1.00;0.00
19.530000;1.00;0.00
19.540000;1.00;0.00
19.550000;1.00;0.00
19.560000;1.00;0.00
19.570000;1.00;0.00
19.580000;1.00;0.00
19.590000;1.00;0.00
19.600000;1.00;0.00
19.610000;1.00;0.00
19.620000;1.00;0.00
19.630000;1.00;0.00
19.640000;1.00;0.00
19.650000;1.00;0.00
19.660000;1.00;0.00
19.670000;1.00;0.00
19.680000;1.00;0.00
19.690000;1.00;0.00
19.700000;1.00;0.00
19.710000;1.00;0.00
19.720000;1.00;0.00
19.730000;1.00;0.00
19.740000;1.00;0.00
19.750000;1.00;0.00
19.760000;1.00;0.00
19.770000;1.00;0.00
19.780000;1.00;0.00
19.790000;1.00;0.00
19.800000;1.00;0.00
19.810000;1.00;0.00
19.820000;1.00;0.00
19.830000;1.00;0.00
19.840000;1.00;0.00
19.850000;1.00;0.00
19.860000;1.00;0.00
19.870000;1.00;0.00
19.880000;1.00;0.00
19.890000;1.00;0.00
19.900000;1.00;0.00
19.910000;1.00;0.00
19.920000;1.00;0.00
19.930000;1.00;0.00
19.940000;1.00;0.00
19.950000;1.00;0.00
19.960000;1.00;0.00
19.970000;1.00;0.00
19.980000;1.00;0.00
19.990000;1.00;0.00
20.000000;1.00;0.00
20.010000;1.00;0.00
20.020000;1.00;0.00
20.030000;1.00;0.00
20.040000;1.00;0.00
20.050000;1.00;0.00
20.060000;1.00;0.00
20.070000;1.00;0.00
20.080000;1.00;0.00
20.090000;1.00;0.00
20.100000;1.00;0.00
20.110000;1.00;0.00
20.120000;1.00;0.00
20.130000;1.00;0.00
20.140000;1.00;0.00
20.150000;1.00;0.00
20.160000;1.00;0.00
20.170000;1.00;0.00
20.180000;1.00;0.00
20.190000;1.00;0.00
20.200000;1.00;0.00
20.210000;1.00;0.00
20.220000;1.00;0.00
20.230000;1.00;0.00
20.240000;1.00;0.00
20.250000;1.00;0.00
20.260000;1.00;0.00
20.270000;1.00;0.00
20.280000;1.00;0.00
20.290000;1.00;0.00
20.300000;1.00;0.00
20.310000;1.00;0.00
20.320000;1.00;0.00
20.330000;1.00;0.00
20.340000;1.00;0.00
20.350000;1.00;0.00
20.360000;1.00;0.00
20.370000;1.00;0.00
20.380000;1.00;0.00
20.390000;1.00;0.00
20.400000;1.00;0.00
20.410000;0.00;0.00
20.420000;0.00;0.00
20.430000;0.00;0.00
20.440000;0.00;0.00
20.450000;0.00;0.00
20.460000;0.00;0.00
20.470000;0.00;0.00
20.480000;0.00;0.00
20.490000;0.00;0.00
20.500000;0.00;0.00
20.510000;0.00;0.00
20.520000;0.00;0.00
20.530000;0.00;0.00
20.540000;0.00;0.00
20.550000;0.00;0.00
20.560000;0.00;0.00
20.570000;0.00;0.00
20.580000;0.00;0.00
20.590000;0.00;0.00
20.600000;0.00;0.00
20.610000;0.00;0.00
20.620000;0.00;0.00
20.630000;0.00;0.00
20.640000;0.00;0.00
20.650000;0.00;0.00
20.660000;0.00;0.00
20.670000;0.00;0.00
20.680000;0.00;0.00
20.690000;0.00;0.00
20.700000;0.00;0.00
20.710000;0.00;0.00
20.720000;0.00;0.00
20.730000;0.00;0.00
20.740000;0.00;0.00
20.750000;0.00;0.00
20.760000;0.00;0.00
20.770000;0.00;0.00
20.780000;0.00;0.00
20.790000;0.00;0.00
20.800000;0.00;0.00
20.810000;0.00;0.00
20.820000;0.00;0.00
20.830000;0.00;0.00
20.840000;0.00;0.00
20.850000;0.00;0.00
20.860000;0.00;0.00
20.870000;0.00;0.00
20.880000;0.00;0.00
20.890000;0.00;0.00
20.900000;0.00;0.00
20.910000;0.00;0.00
20.920000;0.00;0.00
20.930000;0.00;0.00
20.940000;0.00;0.00
20.950000;0.00;0.00
20.960000;0.00;0.00
20.970000;0.00;0.00
20.980000;0.00;0.00
20.990000;0.00;0.00
21.000000;0.00;0.00
21.010000;0.00;0.00
21.020000;0.00;0.00
21.030000;0.00;0.00
21.040000;0.00;0.00
21.050000;0.00;0.00
21.060000;0.00;0.00
21.070000;0.00;0.00
21.080000;0.00;0.00
21.090000;0.00;0.00
21.100000;0.00;0.00
21.110000;0.00;0.00
21.120000;0.00;0.00
21.130000;0.00;0.00
21.140000;0.00;0.00
21.150000;0.00;0.00
21.160000;0.00;0.00
21.170000;0.00;0.00
21.180000;0.00;0.00
21.190000;0.00;0.00
21.200000;0.00;0.00
21.210000;0.00;0.00
21.220000;0.00;0.00
21.230000;0.00;0.00
21.240000;0.00;0.00
21.250000;0.00;0.00
21.260000;0.00;0.00
21.270000;0.00;0.00
21.280000;0.00;0.00
21.290000;0.00;0.00
21.300000;0.00;0.00
21.310000;0.00;0.00
21.320000;0.00;0.00
21.330000;0.00;0.00
21.340000;0.00;0.00
21.350000;0.00;0.00
21.360000;0.00;0.00
21.370000;0.00;0.00
21.380000;0.00;0.00
21.390000;0.00;0.00
21.400000;0.00;0.00
21.410000;0.00;0.00
21.420000;0.00;0.00
21.430000;0.00;0.00
21.440000;0.00;0.00
21.450000;0.00;0.00
21.460000;0.00;0.00
21.470000;0.00;0.00
21.480000;0.00;0.00
21.490000;0.00;0.00
21.500000;0.00;0.00
21.510000;0.00;0.00
21.520000;0.00;0.00
21.530000;0.00;0.00
21.540000;0.00;0.00
21.550000;0.00;0.00
21.560000;0.00;0.00
21.570000;0.00;0.00
21.580000;0.00;0.00
21.590000;0.00;0.00
21.600000;0.00;0.00
21.610000;0.00;0.00
21.620000;0.00;0.00
21.630000;0.00;0.00
21.640000;0.00;0.00
21.650000;0.00;0.00
21.660000;0.00;0.00
21.670000;0.00;0.00
21.680000;0.00;0.00
21.690000;0.00;0.00
21.700000;0.00;0.00
21.710000;0.00;0.00
21.720000;0.00;0.00
21.730000;0.00;0.00
21.740000;0.00;0.00
21.750000;0.00;0.00
21.760000;0.00;0.00
21.770000;0.00;0.00
21.780000;0.00;0.00
21.790000;0.00;0.00
21.800000;0.00;0.00
21.810000;0.00;0.00
21.820000;0.00;0.00
21.830000;0.00;0.00
21.840000;0.00;0.00
21.850000;0.00;0.00
21.860000;0.00;0.00
21.870000;0.00;0.00
21.880000;0.00;0.00
21.890000;0.00;0.00
21.900000;0.00;0.00
21.910000;0.00;0.00
21.920000;0.00;0.00
21.930000;0.00;0.00
21.940000;0.00;0.00
21.950000;0.00;0.00
21.960000;0.00;0.00
21.970000;0.00;0.00
21.980000;0.00;0.00
21.990000;0.00;0.00
22.000000;0.00;0.00
22.010000;0.00;0.00
22.020000;0.00;0.00
22.030000;0.00;0.00
22.040000;0.00;0.00
22.050000;0.00;0.00
22.060000;0.00;0.00
22.070000;0.00;0.00
22.080000;0.00;0.00
22.090000;0.00;0.00
22.100000;0.00;0.00
22.110000;0.00;0.00
22.120000;0.00;0.00
22.130000;0.00;0.00
22.140000;0.00;0.00
22.150000;0.00;0.00
22.160000;0.00;0.00
22.170000;0.00;0.00
22.180000;0.00;0.00
22.190000;0.00;0.00
22.200000;0.00;0.00
22.210000;0.00;0.00
22.220000;0.00;0.00
