<?xml version="1.0" encoding="UTF-8"?>
<FILES>
  <FILE>
    <ATX-REF-PATH>/TestReports/BasicDrive/BasicDrive_0</ATX-REF-PATH>
    <FILENAME>BasicDrive.pkg</FILENAME>
    <TEMP-DIR>ae56f682-92df-11eb-a36c-34cff6f2e990</TEMP-DIR>
    <UPLOADER>ECU-TEST 2020.4</UPLOADER>
    <COMMENT></COMMENT>
    <REF-PATH-TYPE>TEST-CASE</REF-PATH-TYPE>
  </FILE>
  <FILE>
    <ATX-REF-PATH>/TestReports/BasicDrive/BasicDrive_0</ATX-REF-PATH>
    <FILENAME>BasicDrive.trf</FILENAME>
    <TEMP-DIR>ae571d98-92df-11eb-9955-34cff6f2e990</TEMP-DIR>
    <UPLOADER>ECU-TEST 2020.4</UPLOADER>
    <COMMENT></COMMENT>
    <REF-PATH-TYPE>TEST-CASE</REF-PATH-TYPE>
  </FILE>
  <FILE>
    <ATX-REF-PATH>/TestReports/BasicDrive/BasicDrive_0</ATX-REF-PATH>
    <FILENAME>SW_Ver_1.tcf</FILENAME>
    <TEMP-DIR>ae571d99-92df-11eb-8868-34cff6f2e990</TEMP-DIR>
    <UPLOADER>ECU-TEST 2020.4</UPLOADER>
    <COMMENT></COMMENT>
    <REF-PATH-TYPE>TEST-CASE</REF-PATH-TYPE>
  </FILE>
  <FILE>
    <ATX-REF-PATH>/TestReports/BasicDrive/BasicDrive_0</ATX-REF-PATH>
    <FILENAME>Testlab_HiL.tbc</FILENAME>
    <TEMP-DIR>ae571d9a-92df-11eb-b40d-34cff6f2e990</TEMP-DIR>
    <UPLOADER>ECU-TEST 2020.4</UPLOADER>
    <COMMENT></COMMENT>
    <REF-PATH-TYPE>TEST-CASE</REF-PATH-TYPE>
  </FILE>
  <FILE>
    <ATX-REF-PATH>/TestReports/BasicDrive/BasicDrive_0/step_3/step_60/step_61/step_62</ATX-REF-PATH>
    <FILENAME>Plot 0.png</FILENAME>
    <TEMP-DIR>ae571d9b-92df-11eb-9688-34cff6f2e990</TEMP-DIR>
    <UPLOADER>ECU-TEST 2020.4</UPLOADER>
    <COMMENT></COMMENT>
    <REF-PATH-TYPE>TEST-STEP</REF-PATH-TYPE>
  </FILE>
  <FILE>
    <ATX-REF-PATH>/TestReports/BasicDrive/BasicDrive_0/step_3/step_60/step_63/step_64/step_65</ATX-REF-PATH>
    <FILENAME>Plot 0.png</FILENAME>
    <TEMP-DIR>ae571d9c-92df-11eb-b6f5-34cff6f2e990</TEMP-DIR>
    <UPLOADER>ECU-TEST 2020.4</UPLOADER>
    <COMMENT></COMMENT>
    <REF-PATH-TYPE>TEST-STEP</REF-PATH-TYPE>
  </FILE>
  <FILE>
    <ATX-REF-PATH>/TestReports/BasicDrive/BasicDrive_0/step_3/step_60/step_66/step_67/step_68</ATX-REF-PATH>
    <FILENAME>Plot 0.png</FILENAME>
    <TEMP-DIR>ae571d9d-92df-11eb-a4c8-34cff6f2e990</TEMP-DIR>
    <UPLOADER>ECU-TEST 2020.4</UPLOADER>
    <COMMENT></COMMENT>
    <REF-PATH-TYPE>TEST-STEP</REF-PATH-TYPE>
  </FILE>
  <FILE>
    <ATX-REF-PATH>/TestReports/BasicDrive/BasicDrive_0/step_3/step_60/step_69/step_70/step_71/step_72</ATX-REF-PATH>
    <FILENAME>Plot 0.png</FILENAME>
    <TEMP-DIR>ae571d9e-92df-11eb-8831-34cff6f2e990</TEMP-DIR>
    <UPLOADER>ECU-TEST 2020.4</UPLOADER>
    <COMMENT></COMMENT>
    <REF-PATH-TYPE>TEST-STEP</REF-PATH-TYPE>
  </FILE>
</FILES>
