<?xml version="1.0" encoding="UTF-8"?>
<FILES>
  <FILE>
    <ATX-REF-PATH>/TestReports/BasicDrive/BasicDrive_0</ATX-REF-PATH>
    <FILENAME>BasicDrive.pkg</FILENAME>
    <TEMP-DIR>23a9fe58-0197-11ec-996a-34cff6f2e990</TEMP-DIR>
    <UPLOADER>ECU-TEST 2020.4</UPLOADER>
    <COMMENT></COMMENT>
    <REF-PATH-TYPE>TEST-CASE</REF-PATH-TYPE>
  </FILE>
  <FILE>
    <ATX-REF-PATH>/TestReports/BasicDrive/BasicDrive_0</ATX-REF-PATH>
    <FILENAME>BasicDrive.trf</FILENAME>
    <TEMP-DIR>23a9fe59-0197-11ec-84c5-34cff6f2e990</TEMP-DIR>
    <UPLOADER>ECU-TEST 2020.4</UPLOADER>
    <COMMENT></COMMENT>
    <REF-PATH-TYPE>TEST-CASE</REF-PATH-TYPE>
  </FILE>
  <FILE>
    <ATX-REF-PATH>/TestReports/BasicDrive/BasicDrive_0</ATX-REF-PATH>
    <FILENAME>SW_Ver_1.tcf</FILENAME>
    <TEMP-DIR>23a9fe5a-0197-11ec-95a0-34cff6f2e990</TEMP-DIR>
    <UPLOADER>ECU-TEST 2020.4</UPLOADER>
    <COMMENT></COMMENT>
    <REF-PATH-TYPE>TEST-CASE</REF-PATH-TYPE>
  </FILE>
  <FILE>
    <ATX-REF-PATH>/TestReports/BasicDrive/BasicDrive_0</ATX-REF-PATH>
    <FILENAME>Testlab_HiL.tbc</FILENAME>
    <TEMP-DIR>23a9fe5b-0197-11ec-8f78-34cff6f2e990</TEMP-DIR>
    <UPLOADER>ECU-TEST 2020.4</UPLOADER>
    <COMMENT></COMMENT>
    <REF-PATH-TYPE>TEST-CASE</REF-PATH-TYPE>
  </FILE>
  <FILE>
    <ATX-REF-PATH>/TestReports/BasicDrive/BasicDrive_0/step_3/step_60/step_61/step_62</ATX-REF-PATH>
    <FILENAME>Plot 0.png</FILENAME>
    <TEMP-DIR>23a9fe5c-0197-11ec-a4f1-34cff6f2e990</TEMP-DIR>
    <UPLOADER>ECU-TEST 2020.4</UPLOADER>
    <COMMENT></COMMENT>
    <REF-PATH-TYPE>TEST-STEP</REF-PATH-TYPE>
  </FILE>
  <FILE>
    <ATX-REF-PATH>/TestReports/BasicDrive/BasicDrive_0/step_3/step_60/step_63/step_64/step_65</ATX-REF-PATH>
    <FILENAME>Plot 0.png</FILENAME>
    <TEMP-DIR>23a9fe5d-0197-11ec-b1bd-34cff6f2e990</TEMP-DIR>
    <UPLOADER>ECU-TEST 2020.4</UPLOADER>
    <COMMENT></COMMENT>
    <REF-PATH-TYPE>TEST-STEP</REF-PATH-TYPE>
  </FILE>
  <FILE>
    <ATX-REF-PATH>/TestReports/BasicDrive/BasicDrive_0/step_3/step_60/step_66/step_67/step_68</ATX-REF-PATH>
    <FILENAME>Plot 0.png</FILENAME>
    <TEMP-DIR>23a9fe5e-0197-11ec-9bb6-34cff6f2e990</TEMP-DIR>
    <UPLOADER>ECU-TEST 2020.4</UPLOADER>
    <COMMENT></COMMENT>
    <REF-PATH-TYPE>TEST-STEP</REF-PATH-TYPE>
  </FILE>
  <FILE>
    <ATX-REF-PATH>/TestReports/BasicDrive/BasicDrive_0/step_3/step_60/step_69/step_70/step_71/step_72</ATX-REF-PATH>
    <FILENAME>Plot 0.png</FILENAME>
    <TEMP-DIR>23a9fe5f-0197-11ec-bc8c-34cff6f2e990</TEMP-DIR>
    <UPLOADER>ECU-TEST 2020.4</UPLOADER>
    <COMMENT></COMMENT>
    <REF-PATH-TYPE>TEST-STEP</REF-PATH-TYPE>
  </FILE>
</FILES>
