time;Model Root/CTRL_VEH/DriverRequest [%]/Value;Model Root/STATUS_BAT/StateOfCharge [%]/Value
0.000000;0.00;70.00
0.010000;0.00;70.00
0.020000;0.00;70.00
0.030000;0.00;70.00
0.040000;0.00;70.00
0.050000;0.00;70.00
0.060000;0.00;70.00
0.070000;0.00;70.00
0.080000;0.00;70.00
0.090000;0.00;70.00
0.100000;0.00;70.00
0.110000;0.00;70.00
0.120000;0.00;70.00
0.130000;0.00;70.00
0.140000;0.00;70.00
0.150000;0.00;70.00
0.160000;0.00;70.00
0.170000;0.00;70.00
0.180000;0.00;70.00
0.190000;0.00;70.00
0.200000;0.00;70.00
0.210000;0.00;70.00
0.220000;0.00;70.00
0.230000;0.00;70.00
0.240000;0.00;70.00
0.250000;0.00;70.00
0.260000;0.00;70.00
0.270000;0.00;70.00
0.280000;0.00;70.00
0.290000;0.00;70.00
0.300000;0.00;70.00
0.310000;0.00;70.00
0.320000;0.00;70.00
0.330000;0.00;70.00
0.340000;0.00;70.00
0.350000;0.00;70.00
0.360000;0.00;70.00
0.370000;0.00;70.00
0.380000;0.00;70.00
0.390000;0.00;70.00
0.400000;0.00;70.00
0.410000;0.00;70.00
0.420000;0.00;70.00
0.430000;0.00;70.00
0.440000;0.00;70.00
0.450000;0.00;70.00
0.460000;0.00;70.00
0.470000;0.00;70.00
0.480000;0.00;70.00
0.490000;0.00;70.00
0.500000;0.00;70.00
0.510000;0.00;70.00
0.520000;0.00;70.00
0.530000;0.00;70.00
0.540000;0.00;70.00
0.550000;0.00;70.00
0.560000;0.00;70.00
0.570000;0.00;70.00
0.580000;0.00;70.00
0.590000;0.00;70.00
0.600000;0.00;70.00
0.610000;0.00;70.00
0.620000;0.00;70.00
0.630000;0.00;70.00
0.640000;0.00;70.00
0.650000;0.00;70.00
0.660000;0.00;70.00
0.670000;0.00;70.00
0.680000;0.00;70.00
0.690000;0.00;70.00
0.700000;0.00;70.00
0.710000;0.00;70.00
0.720000;0.00;70.00
0.730000;0.00;70.00
0.740000;0.00;70.00
0.750000;0.00;70.00
0.760000;0.00;70.00
0.770000;0.00;70.00
0.780000;0.00;70.00
0.790000;0.00;70.00
0.800000;0.00;70.00
0.810000;0.00;70.00
0.820000;0.00;70.00
0.830000;0.00;70.00
0.840000;0.00;70.00
0.850000;0.00;70.00
0.860000;0.00;70.00
0.870000;0.00;70.00
0.880000;0.00;70.00
0.890000;0.00;70.00
0.900000;0.00;70.00
0.910000;0.00;70.00
0.920000;0.00;70.00
0.930000;0.00;70.00
0.940000;0.00;70.00
0.950000;0.00;70.00
0.960000;0.00;70.00
0.970000;0.00;70.00
0.980000;0.00;70.00
0.990000;0.00;70.00
1.000000;0.00;70.00
1.010000;0.00;70.00
1.020000;0.00;70.00
1.030000;0.00;70.00
1.040000;0.00;70.00
1.050000;0.00;70.00
1.060000;0.00;70.00
1.070000;0.00;70.00
1.080000;0.00;70.00
1.090000;0.00;70.00
1.100000;0.00;70.00
1.110000;0.00;70.00
1.120000;0.00;70.00
1.130000;0.00;70.00
1.140000;0.00;70.00
1.150000;0.00;70.00
1.160000;0.00;70.00
1.170000;0.00;70.00
1.180000;0.00;70.00
1.190000;0.00;70.00
1.200000;0.00;70.00
1.210000;0.00;70.00
1.220000;0.00;70.00
1.230000;0.00;70.00
1.240000;0.00;70.00
1.250000;0.00;70.00
1.260000;0.00;70.00
1.270000;0.00;70.00
1.280000;0.00;70.00
1.290000;0.00;70.00
1.300000;0.00;70.00
1.310000;0.00;70.00
1.320000;0.00;70.00
1.330000;0.00;70.00
1.340000;0.00;70.00
1.350000;0.00;70.00
1.360000;0.00;70.00
1.370000;0.00;70.00
1.380000;0.00;70.00
1.390000;0.00;70.00
1.400000;0.00;70.00
1.410000;0.00;70.00
1.420000;0.00;70.00
1.430000;0.00;70.00
1.440000;0.00;70.00
1.450000;0.00;70.00
1.460000;0.00;70.00
1.470000;0.00;70.00
1.480000;0.00;70.00
1.490000;0.00;70.00
1.500000;0.00;70.00
1.510000;0.00;70.00
1.520000;0.00;70.00
1.530000;0.00;70.00
1.540000;0.00;70.00
1.550000;0.00;70.00
1.560000;0.00;70.00
1.570000;0.00;70.00
1.580000;0.00;70.00
1.590000;0.00;70.00
1.600000;0.00;70.00
1.610000;0.00;70.00
1.620000;0.00;70.00
1.630000;0.00;70.00
1.640000;0.00;70.00
1.650000;0.00;70.00
1.660000;0.00;70.00
1.670000;0.00;70.00
1.680000;0.00;70.00
1.690000;0.00;70.00
1.700000;0.00;70.00
1.710000;0.00;70.00
1.720000;0.00;70.00
1.730000;0.00;70.00
1.740000;0.00;70.00
1.750000;0.00;70.00
1.760000;0.00;70.00
1.770000;0.00;70.00
1.780000;0.00;70.00
1.790000;0.00;70.00
1.800000;0.00;70.00
1.810000;0.00;70.00
1.820000;0.00;70.00
1.830000;0.00;70.00
1.840000;0.00;70.00
1.850000;0.00;70.00
1.860000;0.00;70.00
1.870000;0.00;70.00
1.880000;0.00;70.00
1.890000;0.00;70.00
1.900000;0.00;70.00
1.910000;0.00;70.00
1.920000;0.00;70.00
1.930000;0.00;70.00
1.940000;0.00;70.00
1.950000;0.00;70.00
1.960000;0.00;70.00
1.970000;0.00;70.00
1.980000;0.00;70.00
1.990000;0.00;70.00
2.000000;0.00;70.00
2.010000;0.00;70.00
2.020000;0.00;70.00
2.030000;0.00;70.00
2.040000;0.00;70.00
2.050000;0.00;70.00
2.060000;0.00;70.00
2.070000;0.00;70.00
2.080000;0.00;70.00
2.090000;0.00;70.00
2.100000;0.00;70.00
2.110000;0.00;70.00
2.120000;0.00;70.00
2.130000;0.00;70.00
2.140000;0.00;70.00
2.150000;0.00;70.00
2.160000;0.00;70.00
2.170000;0.00;70.00
2.180000;0.00;70.00
2.190000;0.00;70.00
2.200000;0.00;70.00
2.210000;0.00;70.00
2.220000;0.00;70.00
2.230000;0.00;70.00
2.240000;0.00;70.00
2.250000;0.00;70.00
2.260000;0.00;70.00
2.270000;0.00;70.00
2.280000;0.00;70.00
2.290000;0.00;70.00
2.300000;0.00;70.00
2.310000;0.00;70.00
2.320000;0.00;70.00
2.330000;0.00;70.00
2.340000;0.00;70.00
2.350000;0.00;70.00
2.360000;0.00;70.00
2.370000;0.00;70.00
2.380000;0.00;70.00
2.390000;0.00;70.00
2.400000;0.00;70.00
2.410000;0.00;70.00
2.420000;0.00;70.00
2.430000;0.00;70.00
2.440000;0.00;70.00
2.450000;0.00;70.00
2.460000;0.00;70.00
2.470000;0.00;70.00
2.480000;0.00;70.00
2.490000;0.00;70.00
2.500000;0.00;70.00
2.510000;0.00;70.00
2.520000;0.00;70.00
2.530000;0.00;70.00
2.540000;0.00;70.00
2.550000;0.00;70.00
2.560000;0.00;70.00
2.570000;0.00;70.00
2.580000;0.00;70.00
2.590000;0.00;70.00
2.600000;0.00;70.00
2.610000;0.00;70.00
2.620000;0.00;70.00
2.630000;0.00;70.00
2.640000;0.00;70.00
2.650000;0.00;70.00
2.660000;0.00;70.00
2.670000;0.00;70.00
2.680000;0.00;70.00
2.690000;0.00;70.00
2.700000;0.00;70.00
2.710000;0.00;70.00
2.720000;0.00;70.00
2.730000;0.00;70.00
2.740000;0.00;70.00
2.750000;0.00;70.00
2.760000;0.00;70.00
2.770000;0.00;70.00
2.780000;0.00;70.00
2.790000;0.00;70.00
2.800000;0.00;70.00
2.810000;0.00;70.00
2.820000;0.00;70.00
2.830000;0.00;70.00
2.840000;0.00;70.00
2.850000;0.00;70.00
2.860000;0.00;70.00
2.870000;0.00;70.00
2.880000;0.00;70.00
2.890000;0.00;70.00
2.900000;0.00;70.00
2.910000;0.00;70.00
2.920000;0.00;70.00
2.930000;0.00;70.00
2.940000;0.00;70.00
2.950000;0.00;70.00
2.960000;0.00;70.00
2.970000;0.00;70.00
2.980000;0.00;70.00
2.990000;0.00;70.00
3.000000;0.00;70.00
3.010000;0.00;70.00
3.020000;0.00;70.00
3.030000;0.00;70.00
3.040000;0.00;70.00
3.050000;0.00;70.00
3.060000;0.00;70.00
3.070000;0.00;70.00
3.080000;0.00;70.00
3.090000;0.00;70.00
3.100000;0.00;70.00
3.110000;0.00;70.00
3.120000;0.00;70.00
3.130000;0.00;70.00
3.140000;0.00;70.00
3.150000;0.00;70.00
3.160000;0.00;70.00
3.170000;0.00;70.00
3.180000;0.00;70.00
3.190000;0.00;70.00
3.200000;0.00;70.00
3.210000;0.00;70.00
3.220000;0.00;70.00
3.230000;0.00;70.00
3.240000;0.00;70.00
3.250000;0.00;70.00
3.260000;0.00;70.00
3.270000;0.00;70.00
3.280000;0.00;70.00
3.290000;0.00;70.00
3.300000;0.00;70.00
3.310000;0.00;70.00
3.320000;0.00;70.00
3.330000;50.00;70.00
3.340000;50.00;70.00
3.350000;50.00;70.00
3.360000;50.00;70.00
3.370000;50.00;70.00
3.380000;50.00;70.00
3.390000;50.00;70.00
3.400000;50.00;70.00
3.410000;50.00;70.00
3.420000;50.00;70.00
3.430000;50.00;70.00
3.440000;50.00;70.00
3.450000;50.00;70.00
3.460000;50.00;70.00
3.470000;50.00;70.00
3.480000;50.00;70.00
3.490000;50.00;70.00
3.500000;50.00;70.00
3.510000;50.00;70.00
3.520000;50.00;70.00
3.530000;50.00;70.00
3.540000;50.00;70.00
3.550000;50.00;70.00
3.560000;50.00;70.00
3.570000;50.00;70.00
3.580000;50.00;70.00
3.590000;50.00;70.00
3.600000;50.00;70.00
3.610000;50.00;70.00
3.620000;50.00;70.00
3.630000;50.00;70.00
3.640000;50.00;70.00
3.650000;50.00;70.00
3.660000;50.00;70.00
3.670000;50.00;70.00
3.680000;50.00;70.00
3.690000;50.00;70.00
3.700000;50.00;70.00
3.710000;50.00;70.00
3.720000;50.00;70.00
3.730000;50.00;70.00
3.740000;50.00;70.00
3.750000;50.00;70.00
3.760000;50.00;70.00
3.770000;50.00;70.00
3.780000;50.00;70.00
3.790000;50.00;70.00
3.800000;50.00;70.00
3.810000;50.00;70.00
3.820000;50.00;70.00
3.830000;50.00;69.99
3.840000;50.00;69.99
3.850000;50.00;69.99
3.860000;50.00;69.99
3.870000;50.00;69.99
3.880000;50.00;69.99
3.890000;50.00;69.99
3.900000;50.00;69.99
3.910000;50.00;69.99
3.920000;50.00;69.99
3.930000;50.00;69.99
3.940000;50.00;69.99
3.950000;50.00;69.99
3.960000;50.00;69.99
3.970000;50.00;69.99
3.980000;50.00;69.99
3.990000;50.00;69.99
4.000000;50.00;69.99
4.010000;50.00;69.99
4.020000;50.00;69.99
4.030000;50.00;69.99
4.040000;50.00;69.99
4.050000;50.00;69.99
4.060000;50.00;69.99
4.070000;50.00;69.99
4.080000;50.00;69.99
4.090000;50.00;69.99
4.100000;50.00;69.99
4.110000;50.00;69.99
4.120000;50.00;69.99
4.130000;50.00;69.99
4.140000;50.00;69.99
4.150000;50.00;69.99
4.160000;50.00;69.99
4.170000;50.00;69.99
4.180000;50.00;69.99
4.190000;50.00;69.99
4.200000;50.00;69.99
4.210000;50.00;69.99
4.220000;50.00;69.99
4.230000;50.00;69.99
4.240000;50.00;69.99
4.250000;50.00;69.99
4.260000;50.00;69.99
4.270000;50.00;69.99
4.280000;50.00;69.99
4.290000;50.00;69.99
4.300000;50.00;69.99
4.310000;50.00;69.99
4.320000;50.00;69.99
4.330000;50.00;69.99
4.340000;50.00;69.99
4.350000;50.00;69.99
4.360000;50.00;69.99
4.370000;50.00;69.99
4.380000;50.00;69.99
4.390000;50.00;69.99
4.400000;50.00;69.99
4.410000;50.00;69.99
4.420000;50.00;69.99
4.430000;50.00;69.99
4.440000;50.00;69.99
4.450000;50.00;69.99
4.460000;50.00;69.99
4.470000;50.00;69.99
4.480000;50.00;69.99
4.490000;50.00;69.99
4.500000;50.00;69.99
4.510000;50.00;69.99
4.520000;50.00;69.99
4.530000;50.00;69.99
4.540000;50.00;69.99
4.550000;50.00;69.99
4.560000;50.00;69.99
4.570000;50.00;69.99
4.580000;50.00;69.99
4.590000;50.00;69.99
4.600000;50.00;69.99
4.610000;50.00;69.99
4.620000;50.00;69.99
4.630000;50.00;69.99
4.640000;50.00;69.99
4.650000;50.00;69.99
4.660000;50.00;69.99
4.670000;50.00;69.99
4.680000;50.00;69.99
4.690000;50.00;69.99
4.700000;50.00;69.99
4.710000;50.00;69.99
4.720000;50.00;69.99
4.730000;50.00;69.99
4.740000;50.00;69.99
4.750000;50.00;69.99
4.760000;50.00;69.99
4.770000;50.00;69.99
4.780000;50.00;69.99
4.790000;50.00;69.99
4.800000;50.00;69.99
4.810000;50.00;69.98
4.820000;50.00;69.98
4.830000;50.00;69.98
4.840000;50.00;69.98
4.850000;50.00;69.98
4.860000;50.00;69.98
4.870000;50.00;69.98
4.880000;50.00;69.98
4.890000;50.00;69.98
4.900000;50.00;69.98
4.910000;50.00;69.98
4.920000;50.00;69.98
4.930000;50.00;69.98
4.940000;50.00;69.98
4.950000;50.00;69.98
4.960000;50.00;69.98
4.970000;50.00;69.98
4.980000;50.00;69.98
4.990000;50.00;69.98
5.000000;50.00;69.98
5.010000;50.00;69.98
5.020000;50.00;69.98
5.030000;50.00;69.98
5.040000;50.00;69.98
5.050000;50.00;69.98
5.060000;50.00;69.98
5.070000;50.00;69.98
5.080000;50.00;69.98
5.090000;50.00;69.98
5.100000;50.00;69.98
5.110000;50.00;69.98
5.120000;50.00;69.98
5.130000;50.00;69.98
5.140000;50.00;69.98
5.150000;50.00;69.98
5.160000;50.00;69.98
5.170000;50.00;69.98
5.180000;50.00;69.98
5.190000;50.00;69.98
5.200000;50.00;69.98
5.210000;50.00;69.98
5.220000;50.00;69.98
5.230000;50.00;69.98
5.240000;50.00;69.98
5.250000;50.00;69.98
5.260000;50.00;69.98
5.270000;50.00;69.98
5.280000;50.00;69.98
5.290000;50.00;69.98
5.300000;50.00;69.98
5.310000;50.00;69.98
5.320000;50.00;69.98
5.330000;50.00;69.98
5.340000;50.00;69.98
5.350000;50.00;69.98
5.360000;50.00;69.98
5.370000;50.00;69.98
5.380000;50.00;69.98
5.390000;50.00;69.98
5.400000;50.00;69.98
5.410000;50.00;69.98
5.420000;50.00;69.98
5.430000;50.00;69.98
5.440000;50.00;69.98
5.450000;50.00;69.98
5.460000;50.00;69.98
5.470000;50.00;69.98
5.480000;50.00;69.98
5.490000;50.00;69.98
5.500000;50.00;69.98
5.510000;50.00;69.98
5.520000;50.00;69.98
5.530000;50.00;69.98
5.540000;50.00;69.98
5.550000;50.00;69.98
5.560000;50.00;69.98
5.570000;50.00;69.98
5.580000;50.00;69.98
5.590000;50.00;69.98
5.600000;50.00;69.98
5.610000;50.00;69.98
5.620000;50.00;69.98
5.630000;50.00;69.98
5.640000;50.00;69.98
5.650000;50.00;69.98
5.660000;50.00;69.98
5.670000;50.00;69.98
5.680000;50.00;69.98
5.690000;50.00;69.98
5.700000;50.00;69.98
5.710000;50.00;69.98
5.720000;50.00;69.98
5.730000;50.00;69.98
5.740000;50.00;69.98
5.750000;50.00;69.98
5.760000;50.00;69.98
5.770000;50.00;69.98
5.780000;50.00;69.97
5.790000;50.00;69.97
5.800000;50.00;69.97
5.810000;50.00;69.97
5.820000;50.00;69.97
5.830000;50.00;69.97
5.840000;50.00;69.97
5.850000;50.00;69.97
5.860000;50.00;69.97
5.870000;50.00;69.97
5.880000;50.00;69.97
5.890000;50.00;69.97
5.900000;50.00;69.97
5.910000;50.00;69.97
5.920000;50.00;69.97
5.930000;50.00;69.97
5.940000;50.00;69.97
5.950000;50.00;69.97
5.960000;50.00;69.97
5.970000;50.00;69.97
5.980000;50.00;69.97
5.990000;50.00;69.97
6.000000;50.00;69.97
6.010000;50.00;69.97
6.020000;50.00;69.97
6.030000;50.00;69.97
6.040000;50.00;69.97
6.050000;50.00;69.97
6.060000;50.00;69.97
6.070000;50.00;69.97
6.080000;50.00;69.97
6.090000;50.00;69.97
6.100000;50.00;69.97
6.110000;50.00;69.97
6.120000;50.00;69.97
6.130000;50.00;69.97
6.140000;50.00;69.97
6.150000;50.00;69.97
6.160000;50.00;69.97
6.170000;50.00;69.97
6.180000;50.00;69.97
6.190000;50.00;69.97
6.200000;50.00;69.97
6.210000;50.00;69.97
6.220000;50.00;69.97
6.230000;50.00;69.97
6.240000;50.00;69.97
6.250000;50.00;69.97
6.260000;50.00;69.97
6.270000;50.00;69.97
6.280000;50.00;69.97
6.290000;50.00;69.97
6.300000;50.00;69.97
6.310000;50.00;69.97
6.320000;50.00;69.97
6.330000;50.00;69.97
6.340000;50.00;69.97
6.350000;50.00;69.97
6.360000;50.00;69.97
6.370000;50.00;69.97
6.380000;50.00;69.97
6.390000;50.00;69.97
6.400000;50.00;69.97
6.410000;50.00;69.97
6.420000;50.00;69.97
6.430000;50.00;69.97
6.440000;50.00;69.97
6.450000;50.00;69.97
6.460000;50.00;69.97
6.470000;50.00;69.97
6.480000;50.00;69.97
6.490000;50.00;69.97
6.500000;50.00;69.97
6.510000;50.00;69.97
6.520000;50.00;69.97
6.530000;50.00;69.97
6.540000;50.00;69.97
6.550000;50.00;69.97
6.560000;50.00;69.97
6.570000;50.00;69.97
6.580000;50.00;69.97
6.590000;50.00;69.97
6.600000;50.00;69.97
6.610000;50.00;69.97
6.620000;50.00;69.97
6.630000;50.00;69.97
6.640000;50.00;69.97
6.650000;50.00;69.97
6.660000;50.00;69.97
6.670000;50.00;69.97
6.680000;50.00;69.97
6.690000;50.00;69.97
6.700000;50.00;69.97
6.710000;50.00;69.97
6.720000;50.00;69.97
6.730000;50.00;69.97
6.740000;50.00;69.96
6.750000;50.00;69.96
6.760000;50.00;69.96
6.770000;50.00;69.96
6.780000;50.00;69.96
6.790000;50.00;69.96
6.800000;50.00;69.96
6.810000;50.00;69.96
6.820000;50.00;69.96
6.830000;50.00;69.96
6.840000;50.00;69.96
6.850000;50.00;69.96
6.860000;50.00;69.96
6.870000;50.00;69.96
6.880000;50.00;69.96
6.890000;50.00;69.96
6.900000;50.00;69.96
6.910000;50.00;69.96
6.920000;50.00;69.96
6.930000;50.00;69.96
6.940000;50.00;69.96
6.950000;50.00;69.96
6.960000;50.00;69.96
6.970000;50.00;69.96
6.980000;50.00;69.96
6.990000;50.00;69.96
7.000000;50.00;69.96
7.010000;50.00;69.96
7.020000;50.00;69.96
7.030000;50.00;69.96
7.040000;50.00;69.96
7.050000;50.00;69.96
7.060000;50.00;69.96
7.070000;50.00;69.96
7.080000;50.00;69.96
7.090000;50.00;69.96
7.100000;50.00;69.96
7.110000;50.00;69.96
7.120000;50.00;69.96
7.130000;50.00;69.96
7.140000;50.00;69.96
7.150000;50.00;69.96
7.160000;50.00;69.96
7.170000;50.00;69.96
7.180000;50.00;69.96
7.190000;50.00;69.96
7.200000;50.00;69.96
7.210000;50.00;69.96
7.220000;50.00;69.96
7.230000;50.00;69.96
7.240000;50.00;69.96
7.250000;50.00;69.96
7.260000;50.00;69.96
7.270000;50.00;69.96
7.280000;50.00;69.96
7.290000;50.00;69.96
7.300000;50.00;69.96
7.310000;50.00;69.96
7.320000;50.00;69.96
7.330000;50.00;69.96
7.340000;50.00;69.96
7.350000;50.00;69.96
7.360000;50.00;69.96
7.370000;50.00;69.96
7.380000;50.00;69.96
7.390000;50.00;69.96
7.400000;50.00;69.96
7.410000;50.00;69.96
7.420000;50.00;69.96
7.430000;50.00;69.96
7.440000;50.00;69.96
7.450000;50.00;69.96
7.460000;50.00;69.96
7.470000;50.00;69.96
7.480000;50.00;69.96
7.490000;50.00;69.96
7.500000;50.00;69.96
7.510000;50.00;69.96
7.520000;50.00;69.96
7.530000;50.00;69.96
7.540000;50.00;69.96
7.550000;50.00;69.96
7.560000;50.00;69.96
7.570000;50.00;69.96
7.580000;50.00;69.96
7.590000;50.00;69.96
7.600000;50.00;69.96
7.610000;50.00;69.96
7.620000;50.00;69.96
7.630000;50.00;69.96
7.640000;50.00;69.96
7.650000;50.00;69.96
7.660000;50.00;69.96
7.670000;50.00;69.96
7.680000;50.00;69.96
7.690000;50.00;69.95
7.700000;50.00;69.95
7.710000;50.00;69.95
7.720000;50.00;69.95
7.730000;50.00;69.95
7.740000;50.00;69.95
7.750000;50.00;69.95
7.760000;50.00;69.95
7.770000;50.00;69.95
7.780000;50.00;69.95
7.790000;50.00;69.95
7.800000;50.00;69.95
7.810000;50.00;69.95
7.820000;50.00;69.95
7.830000;50.00;69.95
7.840000;50.00;69.95
7.850000;50.00;69.95
7.860000;50.00;69.95
7.870000;50.00;69.95
7.880000;50.00;69.95
7.890000;50.00;69.95
7.900000;50.00;69.95
7.910000;50.00;69.95
7.920000;50.00;69.95
7.930000;50.00;69.95
7.940000;50.00;69.95
7.950000;50.00;69.95
7.960000;50.00;69.95
7.970000;50.00;69.95
7.980000;50.00;69.95
7.990000;50.00;69.95
8.000000;50.00;69.95
8.010000;50.00;69.95
8.020000;50.00;69.95
8.030000;50.00;69.95
8.040000;50.00;69.95
8.050000;50.00;69.95
8.060000;50.00;69.95
8.070000;50.00;69.95
8.080000;50.00;69.95
8.090000;50.00;69.95
8.100000;50.00;69.95
8.110000;50.00;69.95
8.120000;50.00;69.95
8.130000;50.00;69.95
8.140000;50.00;69.95
8.150000;50.00;69.95
8.160000;50.00;69.95
8.170000;50.00;69.95
8.180000;50.00;69.95
8.190000;50.00;69.95
8.200000;50.00;69.95
8.210000;50.00;69.95
8.220000;50.00;69.95
8.230000;50.00;69.95
8.240000;50.00;69.95
8.250000;50.00;69.95
8.260000;50.00;69.95
8.270000;50.00;69.95
8.280000;50.00;69.95
8.290000;50.00;69.95
8.300000;50.00;69.95
8.310000;50.00;69.95
8.320000;50.00;69.95
8.330000;50.00;69.95
8.340000;50.00;69.95
8.350000;50.00;69.95
8.360000;50.00;69.95
8.370000;50.00;69.95
8.380000;50.00;69.95
8.390000;50.00;69.95
8.400000;50.00;69.95
8.410000;50.00;69.95
8.420000;50.00;69.95
8.430000;50.00;69.95
8.440000;50.00;69.95
8.450000;50.00;69.95
8.460000;50.00;69.95
8.470000;50.00;69.95
8.480000;50.00;69.95
8.490000;50.00;69.95
8.500000;50.00;69.95
8.510000;50.00;69.95
8.520000;50.00;69.95
8.530000;50.00;69.95
8.540000;50.00;69.95
8.550000;50.00;69.95
8.560000;50.00;69.95
8.570000;50.00;69.95
8.580000;50.00;69.95
8.590000;50.00;69.95
8.600000;50.00;69.95
8.610000;50.00;69.95
8.620000;50.00;69.94
8.630000;50.00;69.94
8.640000;50.00;69.94
8.650000;50.00;69.94
8.660000;50.00;69.94
8.670000;50.00;69.94
8.680000;50.00;69.94
8.690000;50.00;69.94
8.700000;50.00;69.94
8.710000;50.00;69.94
8.720000;50.00;69.94
8.730000;50.00;69.94
8.740000;50.00;69.94
8.750000;50.00;69.94
8.760000;50.00;69.94
8.770000;50.00;69.94
8.780000;50.00;69.94
8.790000;50.00;69.94
8.800000;50.00;69.94
8.810000;50.00;69.94
8.820000;50.00;69.94
8.830000;50.00;69.94
8.840000;50.00;69.94
8.850000;50.00;69.94
8.860000;50.00;69.94
8.870000;50.00;69.94
8.880000;50.00;69.94
8.890000;50.00;69.94
8.900000;50.00;69.94
8.910000;50.00;69.94
8.920000;50.00;69.94
8.930000;50.00;69.94
8.940000;50.00;69.94
8.950000;50.00;69.94
8.960000;50.00;69.94
8.970000;50.00;69.94
8.980000;50.00;69.94
8.990000;50.00;69.94
9.000000;50.00;69.94
9.010000;50.00;69.94
9.020000;50.00;69.94
9.030000;50.00;69.94
9.040000;50.00;69.94
9.050000;50.00;69.94
9.060000;50.00;69.94
9.070000;50.00;69.94
9.080000;50.00;69.94
9.090000;50.00;69.94
9.100000;50.00;69.94
9.110000;50.00;69.94
9.120000;50.00;69.94
9.130000;50.00;69.94
9.140000;50.00;69.94
9.150000;50.00;69.94
9.160000;50.00;69.94
9.170000;50.00;69.94
9.180000;50.00;69.94
9.190000;50.00;69.94
9.200000;50.00;69.94
9.210000;50.00;69.94
9.220000;50.00;69.94
9.230000;50.00;69.94
9.240000;50.00;69.94
9.250000;50.00;69.94
9.260000;50.00;69.94
9.270000;50.00;69.94
9.280000;50.00;69.94
9.290000;50.00;69.94
9.300000;50.00;69.94
9.310000;50.00;69.94
9.320000;50.00;69.94
9.330000;50.00;69.94
9.340000;50.00;69.94
9.350000;50.00;69.94
9.360000;50.00;69.94
9.370000;50.00;69.94
9.380000;50.00;69.94
9.390000;50.00;69.94
9.400000;50.00;69.94
9.410000;50.00;69.94
9.420000;50.00;69.94
9.430000;50.00;69.94
9.440000;50.00;69.94
9.450000;50.00;69.94
9.460000;50.00;69.94
9.470000;50.00;69.94
9.480000;50.00;69.94
9.490000;50.00;69.94
9.500000;50.00;69.94
9.510000;50.00;69.94
9.520000;50.00;69.94
9.530000;50.00;69.94
9.540000;50.00;69.93
9.550000;50.00;69.93
9.560000;50.00;69.93
9.570000;50.00;69.93
9.580000;50.00;69.93
9.590000;50.00;69.93
9.600000;50.00;69.93
9.610000;50.00;69.93
9.620000;50.00;69.93
9.630000;50.00;69.93
9.640000;50.00;69.93
9.650000;50.00;69.93
9.660000;50.00;69.93
9.670000;50.00;69.93
9.680000;50.00;69.93
9.690000;50.00;69.93
9.700000;50.00;69.93
9.710000;50.00;69.93
9.720000;50.00;69.93
9.730000;50.00;69.93
9.740000;50.00;69.93
9.750000;50.00;69.93
9.760000;50.00;69.93
9.770000;50.00;69.93
9.780000;50.00;69.93
9.790000;50.00;69.93
9.800000;50.00;69.93
9.810000;50.00;69.93
9.820000;50.00;69.93
9.830000;50.00;69.93
9.840000;50.00;69.93
9.850000;50.00;69.93
9.860000;50.00;69.93
9.870000;50.00;69.93
9.880000;50.00;69.93
9.890000;50.00;69.93
9.900000;50.00;69.93
9.910000;50.00;69.93
9.920000;50.00;69.93
9.930000;50.00;69.93
9.940000;50.00;69.93
9.950000;50.00;69.93
9.960000;50.00;69.93
9.970000;50.00;69.93
9.980000;50.00;69.93
9.990000;50.00;69.93
10.000000;50.00;69.93
10.010000;50.00;69.93
10.020000;50.00;69.93
10.030000;50.00;69.93
10.040000;50.00;69.93
10.050000;50.00;69.93
10.060000;50.00;69.93
10.070000;50.00;69.93
10.080000;50.00;69.93
10.090000;50.00;69.93
10.100000;50.00;69.93
10.110000;50.00;69.93
10.120000;50.00;69.93
10.130000;50.00;69.93
10.140000;50.00;69.93
10.150000;50.00;69.93
10.160000;50.00;69.93
10.170000;50.00;69.93
10.180000;50.00;69.93
10.190000;50.00;69.93
10.200000;50.00;69.93
10.210000;50.00;69.93
10.220000;50.00;69.93
10.230000;50.00;69.93
10.240000;50.00;69.93
10.250000;50.00;69.93
10.260000;50.00;69.93
10.270000;50.00;69.93
10.280000;50.00;69.93
10.290000;50.00;69.93
10.300000;50.00;69.93
10.310000;50.00;69.93
10.320000;50.00;69.93
10.330000;50.00;69.93
10.340000;50.00;69.93
10.350000;50.00;69.93
10.360000;50.00;69.93
10.370000;50.00;69.93
10.380000;50.00;69.93
10.390000;50.00;69.93
10.400000;50.00;69.93
10.410000;50.00;69.93
10.420000;50.00;69.93
10.430000;50.00;69.93
10.440000;50.00;69.93
10.450000;50.00;69.92
10.460000;50.00;69.92
10.470000;50.00;69.92
10.480000;50.00;69.92
10.490000;50.00;69.92
10.500000;50.00;69.92
10.510000;50.00;69.92
10.520000;50.00;69.92
10.530000;50.00;69.92
10.540000;50.00;69.92
10.550000;50.00;69.92
10.560000;50.00;69.92
10.570000;50.00;69.92
10.580000;50.00;69.92
10.590000;50.00;69.92
10.600000;50.00;69.92
10.610000;50.00;69.92
10.620000;50.00;69.92
10.630000;50.00;69.92
10.640000;50.00;69.92
10.650000;50.00;69.92
10.660000;50.00;69.92
10.670000;50.00;69.92
10.680000;50.00;69.92
10.690000;50.00;69.92
10.700000;50.00;69.92
10.710000;50.00;69.92
10.720000;50.00;69.92
10.730000;50.00;69.92
10.740000;50.00;69.92
10.750000;50.00;69.92
10.760000;50.00;69.92
10.770000;50.00;69.92
10.780000;50.00;69.92
10.790000;50.00;69.92
10.800000;50.00;69.92
10.810000;50.00;69.92
10.820000;50.00;69.92
10.830000;50.00;69.92
10.840000;50.00;69.92
10.850000;50.00;69.92
10.860000;50.00;69.92
10.870000;50.00;69.92
10.880000;50.00;69.92
10.890000;50.00;69.92
10.900000;50.00;69.92
10.910000;50.00;69.92
10.920000;50.00;69.92
10.930000;50.00;69.92
10.940000;50.00;69.92
10.950000;50.00;69.92
10.960000;50.00;69.92
10.970000;50.00;69.92
10.980000;50.00;69.92
10.990000;50.00;69.92
11.000000;50.00;69.92
11.010000;50.00;69.92
11.020000;50.00;69.92
11.030000;50.00;69.92
11.040000;50.00;69.92
11.050000;50.00;69.92
11.060000;50.00;69.92
11.070000;50.00;69.92
11.080000;50.00;69.92
11.090000;50.00;69.92
11.100000;50.00;69.92
11.110000;50.00;69.92
11.120000;50.00;69.92
11.130000;50.00;69.92
11.140000;50.00;69.92
11.150000;50.00;69.92
11.160000;50.00;69.92
11.170000;50.00;69.92
11.180000;50.00;69.92
11.190000;50.00;69.92
11.200000;50.00;69.92
11.210000;50.00;69.92
11.220000;50.00;69.92
11.230000;50.00;69.92
11.240000;50.00;69.92
11.250000;50.00;69.92
11.260000;50.00;69.92
11.270000;50.00;69.92
11.280000;50.00;69.92
11.290000;50.00;69.92
11.300000;50.00;69.92
11.310000;50.00;69.92
11.320000;50.00;69.92
11.330000;50.00;69.92
11.340000;50.00;69.92
11.350000;50.00;69.91
11.360000;50.00;69.91
11.370000;50.00;69.91
11.380000;50.00;69.91
11.390000;50.00;69.91
11.400000;50.00;69.91
11.410000;50.00;69.91
11.420000;50.00;69.91
11.430000;50.00;69.91
11.440000;50.00;69.91
11.450000;50.00;69.91
11.460000;50.00;69.91
11.470000;50.00;69.91
11.480000;50.00;69.91
11.490000;50.00;69.91
11.500000;50.00;69.91
11.510000;50.00;69.91
11.520000;50.00;69.91
11.530000;50.00;69.91
11.540000;50.00;69.91
11.550000;50.00;69.91
11.560000;50.00;69.91
11.570000;50.00;69.91
11.580000;50.00;69.91
11.590000;50.00;69.91
11.600000;50.00;69.91
11.610000;50.00;69.91
11.620000;50.00;69.91
11.630000;0.00;69.91
11.640000;0.00;69.91
11.650000;0.00;69.91
11.660000;0.00;69.91
11.670000;0.00;69.91
11.680000;0.00;69.91
11.690000;0.00;69.91
11.700000;0.00;69.91
11.710000;0.00;69.91
11.720000;0.00;69.91
11.730000;0.00;69.91
11.740000;0.00;69.91
11.750000;0.00;69.91
11.760000;0.00;69.91
11.770000;0.00;69.91
11.780000;0.00;69.91
11.790000;0.00;69.91
11.800000;0.00;69.91
11.810000;0.00;69.91
11.820000;0.00;69.91
11.830000;0.00;69.91
11.840000;0.00;69.91
11.850000;0.00;69.91
11.860000;0.00;69.91
11.870000;0.00;69.91
11.880000;0.00;69.91
11.890000;0.00;69.91
11.900000;0.00;69.91
11.910000;0.00;69.91
11.920000;0.00;69.91
11.930000;0.00;69.91
11.940000;0.00;69.91
11.950000;0.00;69.91
11.960000;0.00;69.91
11.970000;0.00;69.91
11.980000;0.00;69.91
11.990000;0.00;69.91
12.000000;0.00;69.91
12.010000;0.00;69.91
12.020000;0.00;69.91
12.030000;0.00;69.91
12.040000;0.00;69.91
12.050000;0.00;69.91
12.060000;0.00;69.91
12.070000;0.00;69.91
12.080000;0.00;69.91
12.090000;0.00;69.91
12.100000;0.00;69.91
12.110000;0.00;69.91
12.120000;0.00;69.91
12.130000;0.00;69.91
12.140000;0.00;69.91
12.150000;0.00;69.91
12.160000;0.00;69.91
12.170000;0.00;69.91
12.180000;0.00;69.91
12.190000;0.00;69.91
12.200000;0.00;69.91
12.210000;0.00;69.91
12.220000;0.00;69.91
12.230000;0.00;69.91
12.240000;0.00;69.90
12.250000;0.00;69.90
12.260000;0.00;69.90
12.270000;0.00;69.90
12.280000;0.00;69.90
12.290000;0.00;69.90
12.300000;0.00;69.90
12.310000;0.00;69.90
12.320000;0.00;69.90
12.330000;0.00;69.90
12.340000;0.00;69.90
12.350000;0.00;69.90
12.360000;0.00;69.90
12.370000;0.00;69.90
12.380000;0.00;69.90
12.390000;0.00;69.90
12.400000;0.00;69.90
12.410000;0.00;69.90
12.420000;0.00;69.90
12.430000;0.00;69.90
12.440000;0.00;69.90
12.450000;0.00;69.90
12.460000;0.00;69.90
12.470000;0.00;69.90
12.480000;0.00;69.90
12.490000;0.00;69.90
12.500000;0.00;69.90
12.510000;0.00;69.90
12.520000;0.00;69.90
12.530000;0.00;69.90
12.540000;0.00;69.90
12.550000;0.00;69.90
12.560000;0.00;69.90
12.570000;0.00;69.90
12.580000;0.00;69.90
12.590000;0.00;69.90
12.600000;0.00;69.90
12.610000;0.00;69.90
12.620000;0.00;69.90
12.630000;0.00;69.90
12.640000;0.00;69.90
12.650000;0.00;69.90
12.660000;0.00;69.90
12.670000;0.00;69.90
12.680000;0.00;69.90
12.690000;0.00;69.90
12.700000;0.00;69.90
12.710000;0.00;69.90
12.720000;0.00;69.90
12.730000;0.00;69.90
12.740000;0.00;69.90
12.750000;0.00;69.90
12.760000;0.00;69.90
12.770000;0.00;69.90
12.780000;0.00;69.90
12.790000;0.00;69.90
12.800000;0.00;69.90
12.810000;0.00;69.90
12.820000;0.00;69.90
12.830000;0.00;69.90
12.840000;0.00;69.90
12.850000;0.00;69.90
12.860000;0.00;69.90
12.870000;0.00;69.90
12.880000;0.00;69.90
12.890000;0.00;69.90
12.900000;0.00;69.90
12.910000;0.00;69.90
12.920000;0.00;69.90
12.930000;0.00;69.90
12.940000;0.00;69.90
12.950000;0.00;69.90
12.960000;0.00;69.90
12.970000;0.00;69.90
12.980000;0.00;69.90
12.990000;0.00;69.90
13.000000;0.00;69.90
13.010000;0.00;69.90
13.020000;0.00;69.90
13.030000;0.00;69.90
13.040000;0.00;69.90
13.050000;0.00;69.90
13.060000;0.00;69.90
13.070000;0.00;69.90
13.080000;0.00;69.90
13.090000;0.00;69.90
13.100000;0.00;69.90
13.110000;0.00;69.90
13.120000;0.00;69.89
13.130000;0.00;69.89
13.140000;0.00;69.89
13.150000;0.00;69.89
13.160000;0.00;69.89
13.170000;0.00;69.89
13.180000;0.00;69.89
13.190000;0.00;69.89
13.200000;0.00;69.89
13.210000;0.00;69.89
13.220000;0.00;69.89
13.230000;0.00;69.89
13.240000;0.00;69.89
13.250000;0.00;69.89
13.260000;0.00;69.89
13.270000;0.00;69.89
13.280000;0.00;69.89
13.290000;0.00;69.89
13.300000;0.00;69.89
13.310000;0.00;69.89
13.320000;0.00;69.89
13.330000;0.00;69.89
13.340000;0.00;69.89
13.350000;0.00;69.89
13.360000;0.00;69.89
13.370000;0.00;69.89
13.380000;0.00;69.89
13.390000;0.00;69.89
13.400000;0.00;69.89
13.410000;0.00;69.89
13.420000;0.00;69.89
13.430000;0.00;69.89
13.440000;0.00;69.89
13.450000;0.00;69.89
13.460000;0.00;69.89
13.470000;0.00;69.89
13.480000;0.00;69.89
13.490000;0.00;69.89
13.500000;0.00;69.89
13.510000;0.00;69.89
13.520000;0.00;69.89
13.530000;0.00;69.89
13.540000;0.00;69.89
13.550000;0.00;69.89
13.560000;0.00;69.89
13.570000;0.00;69.89
13.580000;0.00;69.89
13.590000;0.00;69.89
13.600000;0.00;69.89
13.610000;0.00;69.89
13.620000;0.00;69.89
13.630000;0.00;69.89
13.640000;0.00;69.89
13.650000;0.00;69.89
13.660000;0.00;69.89
13.670000;0.00;69.89
13.680000;0.00;69.89
13.690000;0.00;69.89
13.700000;0.00;69.89
13.710000;0.00;69.89
13.720000;0.00;69.89
13.730000;0.00;69.89
13.740000;0.00;69.89
13.750000;0.00;69.89
13.760000;0.00;69.89
13.770000;0.00;69.89
13.780000;0.00;69.89
13.790000;0.00;69.89
13.800000;0.00;69.89
13.810000;0.00;69.89
13.820000;0.00;69.89
13.830000;0.00;69.89
13.840000;0.00;69.89
13.850000;0.00;69.89
13.860000;0.00;69.89
13.870000;0.00;69.89
13.880000;0.00;69.89
13.890000;0.00;69.89
13.900000;0.00;69.89
13.910000;0.00;69.89
13.920000;0.00;69.89
13.930000;0.00;69.89
13.940000;0.00;69.89
13.950000;0.00;69.89
13.960000;0.00;69.89
13.970000;0.00;69.89
13.980000;0.00;69.89
13.990000;0.00;69.88
14.000000;0.00;69.88
14.010000;0.00;69.88
14.020000;0.00;69.88
14.030000;0.00;69.88
14.040000;0.00;69.88
14.050000;0.00;69.88
14.060000;0.00;69.88
14.070000;0.00;69.88
14.080000;0.00;69.88
14.090000;0.00;69.88
14.100000;0.00;69.88
14.110000;0.00;69.88
14.120000;0.00;69.88
14.130000;0.00;69.88
14.140000;0.00;69.88
14.150000;0.00;69.88
14.160000;0.00;69.88
14.170000;0.00;69.88
14.180000;0.00;69.88
14.190000;0.00;69.88
14.200000;0.00;69.88
14.210000;0.00;69.88
14.220000;0.00;69.88
14.230000;0.00;69.88
14.240000;0.00;69.88
14.250000;0.00;69.88
14.260000;0.00;69.88
14.270000;0.00;69.88
14.280000;0.00;69.88
14.290000;0.00;69.88
14.300000;0.00;69.88
14.310000;0.00;69.88
14.320000;0.00;69.88
14.330000;0.00;69.88
14.340000;0.00;69.88
14.350000;0.00;69.88
14.360000;0.00;69.88
14.370000;0.00;69.88
14.380000;0.00;69.88
14.390000;0.00;69.88
14.400000;0.00;69.88
14.410000;0.00;69.88
14.420000;0.00;69.88
14.430000;0.00;69.88
14.440000;0.00;69.88
14.450000;0.00;69.88
14.460000;0.00;69.88
14.470000;0.00;69.88
14.480000;0.00;69.88
14.490000;0.00;69.88
14.500000;0.00;69.88
14.510000;0.00;69.88
14.520000;0.00;69.88
14.530000;0.00;69.88
14.540000;0.00;69.88
14.550000;0.00;69.88
14.560000;0.00;69.88
14.570000;0.00;69.88
14.580000;0.00;69.88
14.590000;0.00;69.88
14.600000;0.00;69.88
14.610000;0.00;69.88
14.620000;0.00;69.88
14.630000;0.00;69.88
14.640000;0.00;69.88
14.650000;0.00;69.88
14.660000;0.00;69.88
14.670000;0.00;69.88
14.680000;0.00;69.88
14.690000;0.00;69.88
14.700000;0.00;69.88
14.710000;0.00;69.88
14.720000;0.00;69.88
14.730000;0.00;69.88
14.740000;0.00;69.88
14.750000;0.00;69.88
14.760000;0.00;69.88
14.770000;0.00;69.88
14.780000;0.00;69.88
14.790000;0.00;69.88
14.800000;0.00;69.88
14.810000;0.00;69.88
14.820000;0.00;69.88
14.830000;0.00;69.88
14.840000;0.00;69.88
14.850000;0.00;69.87
14.860000;0.00;69.87
14.870000;0.00;69.87
14.880000;0.00;69.87
14.890000;0.00;69.87
14.900000;0.00;69.87
14.910000;0.00;69.87
14.920000;0.00;69.87
14.930000;0.00;69.87
14.940000;0.00;69.87
14.950000;0.00;69.87
14.960000;0.00;69.87
14.970000;0.00;69.87
14.980000;0.00;69.87
14.990000;0.00;69.87
15.000000;0.00;69.87
15.010000;0.00;69.87
15.020000;0.00;69.87
15.030000;0.00;69.87
15.040000;0.00;69.87
15.050000;0.00;69.87
15.060000;0.00;69.87
15.070000;0.00;69.87
15.080000;0.00;69.87
15.090000;0.00;69.87
15.100000;0.00;69.87
15.110000;0.00;69.87
15.120000;0.00;69.87
15.130000;0.00;69.87
15.140000;0.00;69.87
15.150000;0.00;69.87
15.160000;0.00;69.87
15.170000;0.00;69.87
15.180000;0.00;69.87
15.190000;0.00;69.87
15.200000;0.00;69.87
15.210000;0.00;69.87
15.220000;0.00;69.87
15.230000;0.00;69.87
15.240000;0.00;69.87
15.250000;0.00;69.87
15.260000;0.00;69.87
15.270000;0.00;69.87
15.280000;0.00;69.87
15.290000;0.00;69.87
15.300000;0.00;69.87
15.310000;0.00;69.87
15.320000;0.00;69.87
15.330000;0.00;69.87
15.340000;0.00;69.87
15.350000;0.00;69.87
15.360000;0.00;69.87
15.370000;0.00;69.87
15.380000;0.00;69.87
15.390000;0.00;69.87
15.400000;0.00;69.87
15.410000;0.00;69.87
15.420000;0.00;69.87
15.430000;0.00;69.87
15.440000;0.00;69.87
15.450000;0.00;69.87
15.460000;0.00;69.87
15.470000;0.00;69.87
15.480000;0.00;69.87
15.490000;0.00;69.87
15.500000;0.00;69.87
15.510000;0.00;69.87
15.520000;0.00;69.87
15.530000;0.00;69.87
15.540000;0.00;69.87
15.550000;0.00;69.87
15.560000;0.00;69.87
15.570000;0.00;69.87
15.580000;0.00;69.87
15.590000;0.00;69.87
15.600000;0.00;69.87
15.610000;0.00;69.87
15.620000;0.00;69.87
15.630000;0.00;69.87
15.640000;0.00;69.87
15.650000;0.00;69.87
15.660000;0.00;69.87
15.670000;0.00;69.87
15.680000;0.00;69.87
15.690000;0.00;69.87
15.700000;0.00;69.86
15.710000;0.00;69.86
15.720000;0.00;69.86
15.730000;0.00;69.86
15.740000;0.00;69.86
15.750000;0.00;69.86
15.760000;0.00;69.86
15.770000;0.00;69.86
15.780000;0.00;69.86
15.790000;0.00;69.86
15.800000;0.00;69.86
15.810000;0.00;69.86
15.820000;0.00;69.86
15.830000;0.00;69.86
15.840000;0.00;69.86
15.850000;0.00;69.86
15.860000;0.00;69.86
15.870000;0.00;69.86
15.880000;0.00;69.86
15.890000;0.00;69.86
15.900000;0.00;69.86
15.910000;0.00;69.86
15.920000;0.00;69.86
15.930000;0.00;69.86
15.940000;0.00;69.86
15.950000;0.00;69.86
15.960000;0.00;69.86
15.970000;0.00;69.86
15.980000;0.00;69.86
15.990000;0.00;69.86
16.000000;0.00;69.86
16.010000;0.00;69.86
16.020000;0.00;69.86
16.030000;0.00;69.86
16.040000;0.00;69.86
16.050000;0.00;69.86
16.060000;0.00;69.86
16.070000;0.00;69.86
16.080000;0.00;69.86
16.090000;0.00;69.86
16.100000;0.00;69.86
16.110000;0.00;69.86
16.120000;0.00;69.86
16.130000;0.00;69.86
16.140000;0.00;69.86
16.150000;0.00;69.86
16.160000;0.00;69.86
16.170000;0.00;69.86
16.180000;0.00;69.86
16.190000;0.00;69.86
16.200000;0.00;69.86
16.210000;0.00;69.86
16.220000;0.00;69.86
16.230000;0.00;69.86
16.240000;0.00;69.86
16.250000;0.00;69.86
16.260000;0.00;69.86
16.270000;0.00;69.86
16.280000;0.00;69.86
16.290000;0.00;69.86
16.300000;0.00;69.86
16.310000;0.00;69.86
16.320000;0.00;69.86
16.330000;0.00;69.86
16.340000;0.00;69.86
16.350000;0.00;69.86
16.360000;0.00;69.86
16.370000;0.00;69.86
16.380000;0.00;69.86
16.390000;0.00;69.86
16.400000;0.00;69.86
16.410000;0.00;69.86
16.420000;0.00;69.86
16.430000;0.00;69.86
16.440000;0.00;69.86
16.450000;0.00;69.86
16.460000;0.00;69.86
16.470000;0.00;69.86
16.480000;0.00;69.86
16.490000;0.00;69.86
16.500000;0.00;69.86
16.510000;0.00;69.86
16.520000;0.00;69.86
16.530000;0.00;69.86
16.540000;0.00;69.85
16.550000;0.00;69.85
16.560000;0.00;69.85
16.570000;0.00;69.85
16.580000;0.00;69.85
16.590000;0.00;69.85
16.600000;0.00;69.85
16.610000;0.00;69.85
16.620000;0.00;69.85
16.630000;0.00;69.85
16.640000;0.00;69.85
16.650000;0.00;69.85
16.660000;0.00;69.85
16.670000;0.00;69.85
16.680000;0.00;69.85
16.690000;0.00;69.85
16.700000;0.00;69.85
16.710000;0.00;69.85
16.720000;0.00;69.85
16.730000;0.00;69.85
16.740000;0.00;69.85
16.750000;0.00;69.85
16.760000;0.00;69.85
16.770000;0.00;69.85
16.780000;0.00;69.85
16.790000;0.00;69.85
16.800000;0.00;69.85
16.810000;0.00;69.85
16.820000;0.00;69.85
16.830000;0.00;69.85
16.840000;0.00;69.85
16.850000;0.00;69.85
16.860000;0.00;69.85
16.870000;0.00;69.85
16.880000;0.00;69.85
16.890000;0.00;69.85
16.900000;0.00;69.85
16.910000;0.00;69.85
16.920000;0.00;69.85
16.930000;0.00;69.85
16.940000;0.00;69.85
16.950000;0.00;69.85
16.960000;0.00;69.85
16.970000;0.00;69.85
16.980000;0.00;69.85
16.990000;0.00;69.85
17.000000;0.00;69.85
17.010000;0.00;69.85
17.020000;0.00;69.85
17.030000;0.00;69.85
17.040000;0.00;69.85
17.050000;0.00;69.85
17.060000;0.00;69.85
17.070000;0.00;69.85
17.080000;0.00;69.85
17.090000;0.00;69.85
17.100000;0.00;69.85
17.110000;0.00;69.85
17.120000;0.00;69.85
17.130000;0.00;69.85
17.140000;0.00;69.85
17.150000;0.00;69.85
17.160000;0.00;69.85
17.170000;0.00;69.85
17.180000;0.00;69.85
17.190000;0.00;69.85
17.200000;0.00;69.85
17.210000;0.00;69.85
17.220000;0.00;69.85
17.230000;0.00;69.85
17.240000;0.00;69.85
17.250000;0.00;69.85
17.260000;0.00;69.85
17.270000;0.00;69.85
17.280000;0.00;69.85
17.290000;0.00;69.85
17.300000;0.00;69.85
17.310000;0.00;69.85
17.320000;0.00;69.85
17.330000;0.00;69.85
17.340000;0.00;69.85
17.350000;0.00;69.85
17.360000;0.00;69.85
17.370000;0.00;69.84
17.380000;0.00;69.84
17.390000;0.00;69.84
17.400000;0.00;69.84
17.410000;0.00;69.84
17.420000;0.00;69.84
17.430000;0.00;69.84
17.440000;0.00;69.84
17.450000;0.00;69.84
17.460000;0.00;69.84
17.470000;0.00;69.84
17.480000;0.00;69.84
17.490000;0.00;69.84
17.500000;0.00;69.84
17.510000;0.00;69.84
17.520000;0.00;69.84
17.530000;0.00;69.84
17.540000;0.00;69.84
17.550000;0.00;69.84
17.560000;0.00;69.84
17.570000;0.00;69.84
17.580000;0.00;69.84
17.590000;0.00;69.84
17.600000;0.00;69.84
17.610000;0.00;69.84
17.620000;0.00;69.84
17.630000;0.00;69.84
17.640000;0.00;69.84
17.650000;0.00;69.84
17.660000;0.00;69.84
17.670000;0.00;69.84
17.680000;0.00;69.84
17.690000;0.00;69.84
17.700000;0.00;69.84
17.710000;0.00;69.84
17.720000;0.00;69.84
17.730000;0.00;69.84
17.740000;0.00;69.84
17.750000;0.00;69.84
17.760000;0.00;69.84
17.770000;0.00;69.84
17.780000;0.00;69.84
17.790000;0.00;69.84
17.800000;0.00;69.84
17.810000;0.00;69.84
17.820000;0.00;69.84
17.830000;0.00;69.84
17.840000;0.00;69.84
17.850000;0.00;69.84
17.860000;0.00;69.84
17.870000;0.00;69.84
17.880000;0.00;69.84
17.890000;0.00;69.84
17.900000;0.00;69.84
17.910000;0.00;69.84
17.920000;0.00;69.84
17.930000;0.00;69.84
17.940000;0.00;69.84
17.950000;0.00;69.84
17.960000;0.00;69.84
17.970000;0.00;69.84
17.980000;0.00;69.84
17.990000;0.00;69.84
18.000000;0.00;69.84
18.010000;0.00;69.84
18.020000;0.00;69.84
18.030000;0.00;69.84
18.040000;0.00;69.84
18.050000;0.00;69.84
18.060000;0.00;69.84
18.070000;0.00;69.84
18.080000;0.00;69.84
18.090000;0.00;69.84
18.100000;0.00;69.84
18.110000;0.00;69.84
18.120000;0.00;69.84
18.130000;0.00;69.84
18.140000;0.00;69.84
18.150000;0.00;69.84
18.160000;0.00;69.84
18.170000;0.00;69.84
18.180000;0.00;69.84
18.190000;0.00;69.83
18.200000;0.00;69.83
18.210000;0.00;69.83
18.220000;0.00;69.83
18.230000;0.00;69.83
18.240000;0.00;69.83
18.250000;0.00;69.83
18.260000;0.00;69.83
18.270000;0.00;69.83
18.280000;0.00;69.83
18.290000;0.00;69.83
18.300000;0.00;69.83
18.310000;0.00;69.83
18.320000;0.00;69.83
18.330000;0.00;69.83
18.340000;0.00;69.83
18.350000;0.00;69.83
18.360000;0.00;69.83
18.370000;0.00;69.83
18.380000;0.00;69.83
18.390000;0.00;69.83
18.400000;0.00;69.83
18.410000;0.00;69.83
18.420000;0.00;69.83
18.430000;0.00;69.83
18.440000;0.00;69.83
18.450000;0.00;69.83
18.460000;0.00;69.83
18.470000;0.00;69.83
18.480000;0.00;69.83
18.490000;0.00;69.83
18.500000;0.00;69.83
18.510000;0.00;69.83
18.520000;0.00;69.83
18.530000;0.00;69.83
18.540000;0.00;69.83
18.550000;0.00;69.83
18.560000;0.00;69.83
18.570000;0.00;69.83
18.580000;0.00;69.83
18.590000;0.00;69.83
18.600000;0.00;69.83
18.610000;0.00;69.83
18.620000;0.00;69.83
18.630000;0.00;69.83
18.640000;0.00;69.83
18.650000;0.00;69.83
18.660000;0.00;69.83
18.670000;0.00;69.83
18.680000;0.00;69.83
18.690000;0.00;69.83
18.700000;0.00;69.83
18.710000;0.00;69.83
18.720000;0.00;69.83
18.730000;0.00;69.83
18.740000;0.00;69.83
18.750000;0.00;69.83
18.760000;0.00;69.83
18.770000;0.00;69.83
18.780000;0.00;69.83
18.790000;0.00;69.83
18.800000;0.00;69.83
18.810000;0.00;69.83
18.820000;0.00;69.83
18.830000;0.00;69.83
18.840000;0.00;69.83
18.850000;0.00;69.83
18.860000;0.00;69.83
18.870000;0.00;69.83
18.880000;0.00;69.83
18.890000;0.00;69.83
18.900000;0.00;69.83
18.910000;0.00;69.83
18.920000;0.00;69.83
18.930000;0.00;69.83
18.940000;0.00;69.83
18.950000;0.00;69.83
18.960000;0.00;69.83
18.970000;0.00;69.83
18.980000;0.00;69.83
18.990000;0.00;69.83
19.000000;0.00;69.83
19.010000;0.00;69.82
19.020000;0.00;69.82
19.030000;0.00;69.82
19.040000;0.00;69.82
19.050000;0.00;69.82
19.060000;0.00;69.82
19.070000;0.00;69.82
19.080000;0.00;69.82
19.090000;0.00;69.82
19.100000;0.00;69.82
19.110000;0.00;69.82
19.120000;0.00;69.82
19.130000;0.00;69.82
19.140000;0.00;69.82
19.150000;0.00;69.82
19.160000;0.00;69.82
19.170000;0.00;69.82
19.180000;0.00;69.82
19.190000;0.00;69.82
19.200000;0.00;69.82
19.210000;0.00;69.82
19.220000;0.00;69.82
19.230000;0.00;69.82
19.240000;0.00;69.82
19.250000;0.00;69.82
19.260000;0.00;69.82
19.270000;0.00;69.82
19.280000;0.00;69.82
19.290000;0.00;69.82
19.300000;0.00;69.82
19.310000;0.00;69.82
19.320000;0.00;69.82
19.330000;0.00;69.82
19.340000;0.00;69.82
19.350000;0.00;69.82
19.360000;0.00;69.82
19.370000;0.00;69.82
19.380000;0.00;69.82
19.390000;0.00;69.82
19.400000;0.00;69.82
19.410000;0.00;69.82
19.420000;0.00;69.82
19.430000;0.00;69.82
19.440000;0.00;69.82
19.450000;0.00;69.82
19.460000;0.00;69.82
19.470000;0.00;69.82
19.480000;0.00;69.82
19.490000;0.00;69.82
19.500000;0.00;69.82
19.510000;0.00;69.82
19.520000;0.00;69.82
19.530000;0.00;69.82
19.540000;0.00;69.82
19.550000;0.00;69.82
19.560000;0.00;69.82
19.570000;0.00;69.82
19.580000;0.00;69.82
19.590000;0.00;69.82
19.600000;0.00;69.82
19.610000;0.00;69.82
19.620000;0.00;69.82
19.630000;0.00;69.82
19.640000;0.00;69.82
19.650000;0.00;69.82
19.660000;0.00;69.82
19.670000;0.00;69.82
19.680000;0.00;69.82
19.690000;0.00;69.82
19.700000;0.00;69.82
19.710000;0.00;69.82
19.720000;0.00;69.82
19.730000;0.00;69.82
19.740000;0.00;69.82
19.750000;0.00;69.82
19.760000;0.00;69.82
19.770000;0.00;69.82
19.780000;0.00;69.82
19.790000;0.00;69.82
19.800000;0.00;69.82
19.810000;0.00;69.82
19.820000;0.00;69.81
19.830000;0.00;69.81
19.840000;0.00;69.81
19.850000;0.00;69.81
19.860000;0.00;69.81
19.870000;0.00;69.81
19.880000;0.00;69.81
19.890000;0.00;69.81
19.900000;0.00;69.81
19.910000;0.00;69.81
19.920000;0.00;69.81
19.930000;0.00;69.81
19.940000;0.00;69.81
19.950000;0.00;69.81
19.960000;0.00;69.81
19.970000;0.00;69.81
19.980000;0.00;69.81
19.990000;0.00;69.81
20.000000;0.00;69.81
20.010000;0.00;69.81
20.020000;0.00;69.81
20.030000;0.00;69.81
20.040000;0.00;69.81
20.050000;0.00;69.81
20.060000;0.00;69.81
20.070000;0.00;69.81
20.080000;0.00;69.81
20.090000;0.00;69.81
20.100000;0.00;69.81
20.110000;0.00;69.81
20.120000;0.00;69.81
20.130000;0.00;69.81
20.140000;0.00;69.81
20.150000;0.00;69.81
20.160000;0.00;69.81
20.170000;0.00;69.81
20.180000;0.00;69.81
20.190000;0.00;69.81
20.200000;0.00;69.81
20.210000;0.00;69.81
20.220000;0.00;69.81
20.230000;0.00;69.81
20.240000;0.00;69.81
20.250000;0.00;69.81
20.260000;0.00;69.81
20.270000;0.00;69.81
20.280000;0.00;69.81
20.290000;0.00;69.81
20.300000;0.00;69.81
20.310000;0.00;69.81
20.320000;0.00;69.81
20.330000;0.00;69.81
20.340000;0.00;69.81
20.350000;0.00;69.81
20.360000;0.00;69.81
20.370000;0.00;69.81
20.380000;0.00;69.81
20.390000;0.00;69.81
20.400000;0.00;69.81
20.410000;0.00;69.81
20.420000;0.00;69.81
20.430000;0.00;69.81
20.440000;0.00;69.81
20.450000;0.00;69.81
20.460000;0.00;69.81
20.470000;0.00;69.81
20.480000;0.00;69.81
20.490000;0.00;69.81
20.500000;0.00;69.81
20.510000;0.00;69.81
20.520000;0.00;69.81
20.530000;0.00;69.81
20.540000;0.00;69.81
20.550000;0.00;69.81
20.560000;0.00;69.81
20.570000;0.00;69.81
20.580000;0.00;69.81
20.590000;0.00;69.81
20.600000;0.00;69.81
20.610000;0.00;69.81
20.620000;0.00;69.80
20.630000;0.00;69.80
20.640000;0.00;69.80
20.650000;0.00;69.80
20.660000;0.00;69.80
20.670000;0.00;69.80
20.680000;0.00;69.80
20.690000;0.00;69.80
20.700000;0.00;69.80
20.710000;0.00;69.80
20.720000;0.00;69.80
20.730000;0.00;69.80
20.740000;0.00;69.80
20.750000;0.00;69.80
20.760000;0.00;69.80
20.770000;0.00;69.80
20.780000;0.00;69.80
20.790000;0.00;69.80
20.800000;0.00;69.80
20.810000;0.00;69.80
20.820000;0.00;69.80
20.830000;0.00;69.80
20.840000;0.00;69.80
20.850000;0.00;69.80
20.860000;0.00;69.80
20.870000;0.00;69.80
20.880000;0.00;69.80
20.890000;0.00;69.80
20.900000;0.00;69.80
20.910000;0.00;69.80
20.920000;0.00;69.80
20.930000;0.00;69.80
20.940000;0.00;69.80
20.950000;0.00;69.80
20.960000;0.00;69.80
20.970000;0.00;69.80
20.980000;0.00;69.80
20.990000;0.00;69.80
21.000000;0.00;69.80
21.010000;0.00;69.80
21.020000;0.00;69.80
21.030000;0.00;69.80
21.040000;0.00;69.80
21.050000;0.00;69.80
21.060000;0.00;69.80
21.070000;0.00;69.80
21.080000;0.00;69.80
21.090000;0.00;69.80
21.100000;0.00;69.80
21.110000;0.00;69.80
21.120000;0.00;69.80
21.130000;0.00;69.80
21.140000;0.00;69.80
21.150000;0.00;69.80
21.160000;0.00;69.80
21.170000;0.00;69.80
21.180000;0.00;69.80
21.190000;0.00;69.80
21.200000;0.00;69.80
21.210000;0.00;69.80
21.220000;0.00;69.80
21.230000;0.00;69.80
21.240000;0.00;69.80
21.250000;0.00;69.80
21.260000;0.00;69.80
21.270000;0.00;69.80
21.280000;0.00;69.80
21.290000;0.00;69.80
21.300000;0.00;69.80
21.310000;0.00;69.80
21.320000;0.00;69.80
21.330000;0.00;69.80
21.340000;0.00;69.80
21.350000;0.00;69.80
21.360000;0.00;69.80
21.370000;0.00;69.80
21.380000;0.00;69.80
21.390000;0.00;69.80
21.400000;0.00;69.80
21.410000;0.00;69.79
21.420000;0.00;69.79
21.430000;0.00;69.79
21.440000;0.00;69.79
21.450000;0.00;69.79
21.460000;0.00;69.79
21.470000;0.00;69.79
21.480000;0.00;69.79
21.490000;0.00;69.79
21.500000;0.00;69.79
21.510000;0.00;69.79
21.520000;0.00;69.79
21.530000;0.00;69.79
21.540000;0.00;69.79
21.550000;0.00;69.79
21.560000;0.00;69.79
21.570000;0.00;69.79
21.580000;0.00;69.79
21.590000;0.00;69.79
21.600000;0.00;69.79
21.610000;0.00;69.79
21.620000;0.00;69.79
21.630000;0.00;69.79
21.640000;0.00;69.79
21.650000;0.00;69.79
21.660000;0.00;69.79
21.670000;0.00;69.79
21.680000;0.00;69.79
21.690000;0.00;69.79
21.700000;0.00;69.79
21.710000;0.00;69.79
21.720000;0.00;69.79
21.730000;0.00;69.79
21.740000;0.00;69.79
21.750000;0.00;69.79
21.760000;0.00;69.79
21.770000;0.00;69.79
21.780000;0.00;69.79
21.790000;0.00;69.79
21.800000;0.00;69.79
21.810000;0.00;69.79
21.820000;0.00;69.79
21.830000;0.00;69.79
21.840000;0.00;69.79
21.850000;0.00;69.79
21.860000;0.00;69.79
21.870000;0.00;69.79
21.880000;0.00;69.79
21.890000;0.00;69.79
21.900000;0.00;69.79
21.910000;0.00;69.79
21.920000;0.00;69.79
21.930000;0.00;69.79
21.940000;0.00;69.79
21.950000;0.00;69.79
21.960000;0.00;69.79
21.970000;0.00;69.79
21.980000;0.00;69.79
21.990000;0.00;69.79
22.000000;0.00;69.79
22.010000;0.00;69.79
22.020000;0.00;69.79
22.030000;0.00;69.79
22.040000;0.00;69.79
22.050000;0.00;69.79
22.060000;0.00;69.79
22.070000;0.00;69.79
22.080000;0.00;69.79
22.090000;0.00;69.79
22.100000;0.00;69.79
22.110000;0.00;69.79
22.120000;0.00;69.79
22.130000;0.00;69.79
22.140000;0.00;69.79
22.150000;0.00;69.79
22.160000;0.00;69.79
22.170000;0.00;69.79
22.180000;0.00;69.79
22.190000;0.00;69.78
22.200000;0.00;69.78
22.210000;0.00;69.78
22.220000;0.00;69.78
22.230000;0.00;69.78
22.240000;0.00;69.78
22.250000;0.00;69.78
22.260000;0.00;69.78
