<?xml version="1.0" encoding="UTF-8"?>
<FILES>
  <FILE>
    <ATX-REF-PATH>/TestReports/BasicDrive/BasicDrive_0</ATX-REF-PATH>
    <FILENAME>BasicDrive.pkg</FILENAME>
    <TEMP-DIR>ec7fce58-8d2e-11eb-b9c7-34cff6f2e990</TEMP-DIR>
    <UPLOADER>ECU-TEST 2020.4</UPLOADER>
    <COMMENT></COMMENT>
    <REF-PATH-TYPE>TEST-CASE</REF-PATH-TYPE>
  </FILE>
  <FILE>
    <ATX-REF-PATH>/TestReports/BasicDrive/BasicDrive_0</ATX-REF-PATH>
    <FILENAME>BasicDrive.trf</FILENAME>
    <TEMP-DIR>ec7fce59-8d2e-11eb-97f0-34cff6f2e990</TEMP-DIR>
    <UPLOADER>ECU-TEST 2020.4</UPLOADER>
    <COMMENT></COMMENT>
    <REF-PATH-TYPE>TEST-CASE</REF-PATH-TYPE>
  </FILE>
  <FILE>
    <ATX-REF-PATH>/TestReports/BasicDrive/BasicDrive_0</ATX-REF-PATH>
    <FILENAME>SW_Ver_1.tcf</FILENAME>
    <TEMP-DIR>ec7fce5a-8d2e-11eb-8f01-34cff6f2e990</TEMP-DIR>
    <UPLOADER>ECU-TEST 2020.4</UPLOADER>
    <COMMENT></COMMENT>
    <REF-PATH-TYPE>TEST-CASE</REF-PATH-TYPE>
  </FILE>
  <FILE>
    <ATX-REF-PATH>/TestReports/BasicDrive/BasicDrive_0</ATX-REF-PATH>
    <FILENAME>Testlab_HiL.tbc</FILENAME>
    <TEMP-DIR>ec7fce5b-8d2e-11eb-911e-34cff6f2e990</TEMP-DIR>
    <UPLOADER>ECU-TEST 2020.4</UPLOADER>
    <COMMENT></COMMENT>
    <REF-PATH-TYPE>TEST-CASE</REF-PATH-TYPE>
  </FILE>
  <FILE>
    <ATX-REF-PATH>/TestReports/BasicDrive/BasicDrive_0/step_3/step_60/step_61/step_62</ATX-REF-PATH>
    <FILENAME>Plot 0.png</FILENAME>
    <TEMP-DIR>ec7fce5c-8d2e-11eb-8af9-34cff6f2e990</TEMP-DIR>
    <UPLOADER>ECU-TEST 2020.4</UPLOADER>
    <COMMENT></COMMENT>
    <REF-PATH-TYPE>TEST-STEP</REF-PATH-TYPE>
  </FILE>
  <FILE>
    <ATX-REF-PATH>/TestReports/BasicDrive/BasicDrive_0/step_3/step_60/step_63/step_64/step_65</ATX-REF-PATH>
    <FILENAME>Plot 0.png</FILENAME>
    <TEMP-DIR>ec7fce5d-8d2e-11eb-bb31-34cff6f2e990</TEMP-DIR>
    <UPLOADER>ECU-TEST 2020.4</UPLOADER>
    <COMMENT></COMMENT>
    <REF-PATH-TYPE>TEST-STEP</REF-PATH-TYPE>
  </FILE>
  <FILE>
    <ATX-REF-PATH>/TestReports/BasicDrive/BasicDrive_0/step_3/step_60/step_66/step_67/step_68</ATX-REF-PATH>
    <FILENAME>Plot 0.png</FILENAME>
    <TEMP-DIR>ec7fce5e-8d2e-11eb-aa59-34cff6f2e990</TEMP-DIR>
    <UPLOADER>ECU-TEST 2020.4</UPLOADER>
    <COMMENT></COMMENT>
    <REF-PATH-TYPE>TEST-STEP</REF-PATH-TYPE>
  </FILE>
  <FILE>
    <ATX-REF-PATH>/TestReports/BasicDrive/BasicDrive_0/step_3/step_60/step_69/step_70/step_71/step_72</ATX-REF-PATH>
    <FILENAME>Plot 0.png</FILENAME>
    <TEMP-DIR>ec7fce5f-8d2e-11eb-80a6-34cff6f2e990</TEMP-DIR>
    <UPLOADER>ECU-TEST 2020.4</UPLOADER>
    <COMMENT></COMMENT>
    <REF-PATH-TYPE>TEST-STEP</REF-PATH-TYPE>
  </FILE>
</FILES>
