<?xml version="1.0" encoding="UTF-8"?>
<FILES>
  <FILE>
    <ATX-REF-PATH>/TestReports/BasicDrive/BasicDrive_0</ATX-REF-PATH>
    <FILENAME>BasicDrive.pkg</FILENAME>
    <TEMP-DIR>3c83ca7e-8d2f-11eb-a703-34cff6f2e990</TEMP-DIR>
    <UPLOADER>ECU-TEST 2020.4</UPLOADER>
    <COMMENT></COMMENT>
    <REF-PATH-TYPE>TEST-CASE</REF-PATH-TYPE>
  </FILE>
  <FILE>
    <ATX-REF-PATH>/TestReports/BasicDrive/BasicDrive_0</ATX-REF-PATH>
    <FILENAME>BasicDrive.trf</FILENAME>
    <TEMP-DIR>3c83ca7f-8d2f-11eb-bfa5-34cff6f2e990</TEMP-DIR>
    <UPLOADER>ECU-TEST 2020.4</UPLOADER>
    <COMMENT></COMMENT>
    <REF-PATH-TYPE>TEST-CASE</REF-PATH-TYPE>
  </FILE>
  <FILE>
    <ATX-REF-PATH>/TestReports/BasicDrive/BasicDrive_0</ATX-REF-PATH>
    <FILENAME>SW_Ver_1.tcf</FILENAME>
    <TEMP-DIR>3c83ca80-8d2f-11eb-9f25-34cff6f2e990</TEMP-DIR>
    <UPLOADER>ECU-TEST 2020.4</UPLOADER>
    <COMMENT></COMMENT>
    <REF-PATH-TYPE>TEST-CASE</REF-PATH-TYPE>
  </FILE>
  <FILE>
    <ATX-REF-PATH>/TestReports/BasicDrive/BasicDrive_0</ATX-REF-PATH>
    <FILENAME>Testlab_HiL.tbc</FILENAME>
    <TEMP-DIR>3c83ca81-8d2f-11eb-ac7e-34cff6f2e990</TEMP-DIR>
    <UPLOADER>ECU-TEST 2020.4</UPLOADER>
    <COMMENT></COMMENT>
    <REF-PATH-TYPE>TEST-CASE</REF-PATH-TYPE>
  </FILE>
  <FILE>
    <ATX-REF-PATH>/TestReports/BasicDrive/BasicDrive_0/step_3/step_60/step_61/step_62</ATX-REF-PATH>
    <FILENAME>Plot 0.png</FILENAME>
    <TEMP-DIR>3c83ca82-8d2f-11eb-98ca-34cff6f2e990</TEMP-DIR>
    <UPLOADER>ECU-TEST 2020.4</UPLOADER>
    <COMMENT></COMMENT>
    <REF-PATH-TYPE>TEST-STEP</REF-PATH-TYPE>
  </FILE>
  <FILE>
    <ATX-REF-PATH>/TestReports/BasicDrive/BasicDrive_0/step_3/step_60/step_63/step_64/step_65</ATX-REF-PATH>
    <FILENAME>Plot 0.png</FILENAME>
    <TEMP-DIR>3c83ca83-8d2f-11eb-9002-34cff6f2e990</TEMP-DIR>
    <UPLOADER>ECU-TEST 2020.4</UPLOADER>
    <COMMENT></COMMENT>
    <REF-PATH-TYPE>TEST-STEP</REF-PATH-TYPE>
  </FILE>
  <FILE>
    <ATX-REF-PATH>/TestReports/BasicDrive/BasicDrive_0/step_3/step_60/step_66/step_67/step_68</ATX-REF-PATH>
    <FILENAME>Plot 0.png</FILENAME>
    <TEMP-DIR>3c83ca84-8d2f-11eb-9d1f-34cff6f2e990</TEMP-DIR>
    <UPLOADER>ECU-TEST 2020.4</UPLOADER>
    <COMMENT></COMMENT>
    <REF-PATH-TYPE>TEST-STEP</REF-PATH-TYPE>
  </FILE>
  <FILE>
    <ATX-REF-PATH>/TestReports/BasicDrive/BasicDrive_0/step_3/step_60/step_69/step_70/step_71/step_72</ATX-REF-PATH>
    <FILENAME>Plot 0.png</FILENAME>
    <TEMP-DIR>3c83ca85-8d2f-11eb-9e9f-34cff6f2e990</TEMP-DIR>
    <UPLOADER>ECU-TEST 2020.4</UPLOADER>
    <COMMENT></COMMENT>
    <REF-PATH-TYPE>TEST-STEP</REF-PATH-TYPE>
  </FILE>
</FILES>
