<?xml version="1.0" encoding="utf-8"?>
<HISTORY-SETTINGS xmlns:xsi="http://www.w3.org/2001/XMLSchema-instance">
	<RECENT-TCFFILES>
		<ELEMENT xsi:type="string">Configurations\SW_Ver_1.tcf</ELEMENT>
	</RECENT-TCFFILES>
	<LAST-TCF-SAVED xsi:type="boolean">True</LAST-TCF-SAVED>
	<RECENT-TBC-FILES>
		<ELEMENT xsi:type="string">Configurations\Testlab_HiL.tbc</ELEMENT>
	</RECENT-TBC-FILES>
	<LAST-TBC-SAVED xsi:type="boolean">True</LAST-TBC-SAVED>
	<RECENT-PROJECTS-PACKAGES>
		<ELEMENT xsi:type="string">Packages\BasicDrive.pkg</ELEMENT>
		<ELEMENT xsi:type="string">Configurations\SW_Ver_1.tcf</ELEMENT>
	</RECENT-PROJECTS-PACKAGES>
	<RECENT-SEARCH-REQUESTS/>
</HISTORY-SETTINGS>
