<?xml version="1.0" encoding="UTF-8"?>
<ATX xmlns:xsi="http://www.w3.org/2001/XMLSchema-instance" xmlns="http://www.asam.net/schema/ATX/r1.0"><!--Generator version: 1.90.0--><CATEGORY><![CDATA[STANDARD]]></CATEGORY><ADMIN-DATA><LANGUAGE><![CDATA[DE]]></LANGUAGE><DOC-REVISIONS><DOC-REVISION><REVISION-LABEL><![CDATA[1.0.0]]></REVISION-LABEL><DATE><![CDATA[2021-01-26T12:25:48+00:00]]></DATE></DOC-REVISION></DOC-REVISIONS></ADMIN-DATA><AR-PACKAGES><AR-PACKAGE><SHORT-NAME><![CDATA[TestSpecs]]></SHORT-NAME><ELEMENTS><TEST-SPEC><SHORT-NAME><![CDATA[TestSpecification]]></SHORT-NAME><CATEGORY><![CDATA[ATX_TEST_SPEC]]></CATEGORY><TEST-OBJECT-REFS/><TEST-ENVIRONMENT-REFS/><TEST-CASES><TEST-CASE><SHORT-NAME><![CDATA[BasicDrive]]></SHORT-NAME><DESC><L-2 L="DE"><![CDATA[]]></L-2></DESC><TEST-CASE-ATTRIBUTES/><TEST-OBJECT-REFS/><TEST-ENVIRONMENT-REFS><TEST-ENVIRONMENT-REF DEST="TEST-ENVIRONMENT-SET"><![CDATA[/Configurations/Configuration]]></TEST-ENVIRONMENT-REF></TEST-ENVIRONMENT-REFS><ARGUMENT-LIST/><TEST-CONSTANTS/><TEST-SETUP-STEPS/><TEST-EXECUTION-STEPS/><TEST-TEARDOWN-STEPS/></TEST-CASE></TEST-CASES></TEST-SPEC></ELEMENTS><AR-PACKAGES/></AR-PACKAGE><AR-PACKAGE><SHORT-NAME><![CDATA[Configurations]]></SHORT-NAME><ELEMENTS><TEST-ENVIRONMENT-SET><SHORT-NAME><![CDATA[Configuration]]></SHORT-NAME><TEST-ENVIRONMENTS><TEST-ENVIRONMENT><SHORT-NAME><![CDATA[TBC]]></SHORT-NAME><LONG-NAME><L-4 L="DE"><![CDATA[Testlab_HiL.tbc]]></L-4></LONG-NAME><DESC><L-2 L="DE"><![CDATA[C:\Users\Jerry\Documents\GitHub\ET_CI_Demo\0_ET_20204\Configurations\Testlab_HiL.tbc]]></L-2></DESC></TEST-ENVIRONMENT><TEST-ENVIRONMENT><SHORT-NAME><![CDATA[TCF]]></SHORT-NAME><LONG-NAME><L-4 L="DE"><![CDATA[SW_Ver_1.tcf]]></L-4></LONG-NAME><DESC><L-2 L="DE"><![CDATA[C:\Users\Jerry\Documents\GitHub\ET_CI_Demo\0_ET_20204\Configurations\SW_Ver_1.tcf]]></L-2></DESC></TEST-ENVIRONMENT></TEST-ENVIRONMENTS></TEST-ENVIRONMENT-SET></ELEMENTS><AR-PACKAGES/></AR-PACKAGE><AR-PACKAGE><SHORT-NAME><![CDATA[TestExecutionPlans]]></SHORT-NAME><ELEMENTS><TEST-EXECUTION-PLAN><SHORT-NAME><![CDATA[SinglePackageExecution]]></SHORT-NAME><TEST-ENVIRONMENT-REFS><TEST-ENVIRONMENT-REF DEST="TEST-ENVIRONMENT-SET"><![CDATA[/Configurations/Configuration]]></TEST-ENVIRONMENT-REF></TEST-ENVIRONMENT-REFS><TEST-OBJECT-REFS/><PLANNED-TEST-CASES><PLANNED-TEST-CASE><SHORT-NAME><![CDATA[BasicDrive_0]]></SHORT-NAME><TEST-CASE-REF DEST="TEST-CASE"><![CDATA[/TestSpecs/TestSpecification/BasicDrive]]></TEST-CASE-REF><REPETITION><![CDATA[1]]></REPETITION><PLANNED-TEST-CASE-DATAS><PLANNED-TEST-CASE-DATA><REPETITION><![CDATA[1]]></REPETITION><TEST-VALUE-SET-REF DEST="TEST-PARAM-VALUE-SET-CAPTION"><![CDATA[/TestData/BasicDrive_0/drvreq]]></TEST-VALUE-SET-REF></PLANNED-TEST-CASE-DATA><PLANNED-TEST-CASE-DATA><REPETITION><![CDATA[1]]></REPETITION><TEST-VALUE-SET-REF DEST="TEST-PARAM-VALUE-SET-CAPTION"><![CDATA[/TestData/BasicDrive_0/vehvel_tolerance]]></TEST-VALUE-SET-REF></PLANNED-TEST-CASE-DATA><PLANNED-TEST-CASE-DATA><REPETITION><![CDATA[1]]></REPETITION><TEST-VALUE-SET-REF DEST="TEST-PARAM-VALUE-SET-CAPTION"><![CDATA[/TestData/BasicDrive_0/timeout]]></TEST-VALUE-SET-REF></PLANNED-TEST-CASE-DATA></PLANNED-TEST-CASE-DATAS></PLANNED-TEST-CASE></PLANNED-TEST-CASES></TEST-EXECUTION-PLAN></ELEMENTS><AR-PACKAGES/></AR-PACKAGE><AR-PACKAGE><SHORT-NAME><![CDATA[TestData]]></SHORT-NAME><ELEMENTS><TEST-CASE-PARAM-VALUES><SHORT-NAME><![CDATA[BasicDrive_0]]></SHORT-NAME><LONG-NAME><L-4 L="DE"><![CDATA[BasicDrive]]></L-4></LONG-NAME><TEST-CASE-REFS><TEST-CASE-REF DEST="TEST-CASE"><![CDATA[/TestSpecs/TestSpecification/BasicDrive]]></TEST-CASE-REF></TEST-CASE-REFS><TEST-PARAM-VALUE-TABLE><TEST-PARAM-VALUE-SET><TEST-PARAM-VALUE-SET-CAPTION><SHORT-NAME><![CDATA[drvreq]]></SHORT-NAME></TEST-PARAM-VALUE-SET-CAPTION><TEST-PARAM-VALUES><TEXT-VALUE-SPECIFICATION><VALUE><![CDATA[50]]></VALUE></TEXT-VALUE-SPECIFICATION></TEST-PARAM-VALUES></TEST-PARAM-VALUE-SET><TEST-PARAM-VALUE-SET><TEST-PARAM-VALUE-SET-CAPTION><SHORT-NAME><![CDATA[vehvel_tolerance]]></SHORT-NAME></TEST-PARAM-VALUE-SET-CAPTION><TEST-PARAM-VALUES><TEXT-VALUE-SPECIFICATION><VALUE><![CDATA[2]]></VALUE></TEXT-VALUE-SPECIFICATION></TEST-PARAM-VALUES></TEST-PARAM-VALUE-SET><TEST-PARAM-VALUE-SET><TEST-PARAM-VALUE-SET-CAPTION><SHORT-NAME><![CDATA[timeout]]></SHORT-NAME></TEST-PARAM-VALUE-SET-CAPTION><TEST-PARAM-VALUES><TEXT-VALUE-SPECIFICATION><VALUE><![CDATA[9000]]></VALUE></TEXT-VALUE-SPECIFICATION></TEST-PARAM-VALUES></TEST-PARAM-VALUE-SET></TEST-PARAM-VALUE-TABLE></TEST-CASE-PARAM-VALUES></ELEMENTS><AR-PACKAGES/></AR-PACKAGE><AR-PACKAGE><SHORT-NAME><![CDATA[TestReports]]></SHORT-NAME><ELEMENTS><TEST-SPEC><SHORT-NAME><![CDATA[BasicDrive]]></SHORT-NAME><CATEGORY><![CDATA[ATX_TEST_REPORT]]></CATEGORY><ADMIN-DATA><LANGUAGE><![CDATA[DE]]></LANGUAGE><DOC-REVISIONS><DOC-REVISION><REVISION-LABEL><![CDATA[1.0.0]]></REVISION-LABEL><STATE><![CDATA[IMPLEMENTED]]></STATE><DATE><![CDATA[2021-01-26T12:25:48+00:00]]></DATE></DOC-REVISION></DOC-REVISIONS><SDGS><SDG GID="GID_TT_SERVICE_TRF"><SD GID="TT_LOCAL_TRF"><![CDATA[tracetronic:///C:/Users/Jerry/Documents/GitHub/ET_CI_Demo/0_ET_20204/TestReports/BasicDrive_2021-01-26_202548/BasicDrive.trf]]></SD></SDG></SDGS></ADMIN-DATA><ORIGIN-REF DEST="TEST-EXECUTION-PLAN"><![CDATA[/TestExecutionPlans/SinglePackageExecution]]></ORIGIN-REF><TEST-OBJECT-REFS/><TEST-ENVIRONMENT-REFS/><TEST-CASES><TEST-CASE><SHORT-NAME><![CDATA[BasicDrive_0]]></SHORT-NAME><DESC><L-2 L="DE"><![CDATA[]]></L-2></DESC><ADMIN-DATA><DOC-REVISIONS><DOC-REVISION><REVISION-LABEL><![CDATA[1.0.0]]></REVISION-LABEL><DATE><![CDATA[2021-01-26T12:25:48+00:00]]></DATE></DOC-REVISION></DOC-REVISIONS></ADMIN-DATA><VERDICT-RESULT><VERDICT><![CDATA[PASSED]]></VERDICT></VERDICT-RESULT><EXECUTION-TIME><![CDATA[27]]></EXECUTION-TIME><ORIGIN-REF DEST="TEST-CASE"><![CDATA[/TestSpecs/TestSpecification/BasicDrive]]></ORIGIN-REF><TEST-CASE-ATTRIBUTES><SDGS><SDG GID="Revision"><SD GID="VALUE_0"><![CDATA[17187f8cc7ee2229620cd86271b23f87e21b0b88]]></SD></SDG><SDG GID="isTestCase"><SD GID="VALUE_0"><![CDATA[False]]></SD></SDG></SDGS></TEST-CASE-ATTRIBUTES><TEST-OBJECT-REFS/><TEST-ENVIRONMENT-REFS><TEST-ENVIRONMENT-REF DEST="TEST-ENVIRONMENT-SET"><![CDATA[/Configurations/Configuration]]></TEST-ENVIRONMENT-REF></TEST-ENVIRONMENT-REFS><ARGUMENT-LIST><ARGUMENTS><TEST-ARGUMENT-ELEMENT><SHORT-NAME><![CDATA[trace_ea0b423e2d97e367631b3eff96549e9e]]></SHORT-NAME><TYPE-REF DEST="APPLICATION-PRIMITIVE-DATA-TYPE"><![CDATA[/ApplicationDataTypes/Recording]]></TYPE-REF><DIRECTION><![CDATA[INOUT]]></DIRECTION><LITERAL-VALUE><TEXT-VALUE-SPECIFICATION><VALUE><![CDATA[C:\Users\Jerry\Documents\GitHub\ET_CI_Demo\0_ET_20204\TestReports\BasicDrive_2021-01-26_202548\BasicDrive\Recording.csv]]></VALUE></TEXT-VALUE-SPECIFICATION></LITERAL-VALUE></TEST-ARGUMENT-ELEMENT><TEST-ARGUMENT-ELEMENT><SHORT-NAME><![CDATA[trace_5d8bc941804e09ef6b890107937be2b8]]></SHORT-NAME><TYPE-REF DEST="APPLICATION-PRIMITIVE-DATA-TYPE"><![CDATA[/ApplicationDataTypes/Recording]]></TYPE-REF><DIRECTION><![CDATA[INOUT]]></DIRECTION><LITERAL-VALUE><TEXT-VALUE-SPECIFICATION><VALUE><![CDATA[C:\Users\Jerry\Documents\GitHub\ET_CI_Demo\0_ET_20204\TestReports\BasicDrive_2021-01-26_202548\BasicDrive\Recording_1.csv]]></VALUE></TEXT-VALUE-SPECIFICATION></LITERAL-VALUE></TEST-ARGUMENT-ELEMENT><TEST-ARGUMENT-ELEMENT><SHORT-NAME><![CDATA[trace_55c0f5f4335a592e4b1752508583646f]]></SHORT-NAME><TYPE-REF DEST="APPLICATION-PRIMITIVE-DATA-TYPE"><![CDATA[/ApplicationDataTypes/Recording]]></TYPE-REF><DIRECTION><![CDATA[OUT]]></DIRECTION><LITERAL-VALUE><TEXT-VALUE-SPECIFICATION><VALUE><![CDATA[C:\Users\Jerry\Documents\GitHub\ET_CI_Demo\0_ET_20204\TestReports\BasicDrive_2021-01-26_202548\BasicDrive\Job_1_Signals.as3trace]]></VALUE></TEXT-VALUE-SPECIFICATION></LITERAL-VALUE></TEST-ARGUMENT-ELEMENT><TEST-ARGUMENT-ELEMENT><SHORT-NAME><![CDATA[drvreq]]></SHORT-NAME><DESC><L-2 L="DE"><![CDATA[in km/h]]></L-2></DESC><TYPE-REF DEST="APPLICATION-PRIMITIVE-DATA-TYPE"><![CDATA[/ApplicationDataTypes/String]]></TYPE-REF><DIRECTION><![CDATA[IN]]></DIRECTION><LITERAL-VALUE><TEXT-VALUE-SPECIFICATION><VALUE><![CDATA[50]]></VALUE></TEXT-VALUE-SPECIFICATION></LITERAL-VALUE></TEST-ARGUMENT-ELEMENT><TEST-ARGUMENT-ELEMENT><SHORT-NAME><![CDATA[vehvel_tolerance]]></SHORT-NAME><DESC><L-2 L="DE"><![CDATA[in km/h]]></L-2></DESC><TYPE-REF DEST="APPLICATION-PRIMITIVE-DATA-TYPE"><![CDATA[/ApplicationDataTypes/String]]></TYPE-REF><DIRECTION><![CDATA[IN]]></DIRECTION><LITERAL-VALUE><TEXT-VALUE-SPECIFICATION><VALUE><![CDATA[2]]></VALUE></TEXT-VALUE-SPECIFICATION></LITERAL-VALUE></TEST-ARGUMENT-ELEMENT><TEST-ARGUMENT-ELEMENT><SHORT-NAME><![CDATA[timeout]]></SHORT-NAME><DESC><L-2 L="DE"><![CDATA[in ms]]></L-2></DESC><TYPE-REF DEST="APPLICATION-PRIMITIVE-DATA-TYPE"><![CDATA[/ApplicationDataTypes/String]]></TYPE-REF><DIRECTION><![CDATA[IN]]></DIRECTION><LITERAL-VALUE><TEXT-VALUE-SPECIFICATION><VALUE><![CDATA[9000]]></VALUE></TEXT-VALUE-SPECIFICATION></LITERAL-VALUE></TEST-ARGUMENT-ELEMENT></ARGUMENTS></ARGUMENT-LIST><TEST-CONSTANTS><TEST-CONSTANT-ELEMENT><SHORT-NAME><![CDATA[TBC_TOOL_MODELDUMMY]]></SHORT-NAME><DESC><L-2 L="DE"><![CDATA[TBC tool setting]]></L-2></DESC><CATEGORY><![CDATA[TBC_INFO]]></CATEGORY><TYPE-REF DEST="APPLICATION-PRIMITIVE-DATA-TYPE"><![CDATA[/ApplicationDataTypes/ConstType]]></TYPE-REF><VALUE><TEXT-VALUE-SPECIFICATION><VALUE><![CDATA[unknown-version]]></VALUE></TEXT-VALUE-SPECIFICATION></VALUE></TEST-CONSTANT-ELEMENT><TEST-CONSTANT-ELEMENT><SHORT-NAME><![CDATA[TBC_TOOL_APPLICATIONDUMMY]]></SHORT-NAME><DESC><L-2 L="DE"><![CDATA[TBC tool setting]]></L-2></DESC><CATEGORY><![CDATA[TBC_INFO]]></CATEGORY><TYPE-REF DEST="APPLICATION-PRIMITIVE-DATA-TYPE"><![CDATA[/ApplicationDataTypes/ConstType]]></TYPE-REF><VALUE><TEXT-VALUE-SPECIFICATION><VALUE><![CDATA[unknown-version]]></VALUE></TEXT-VALUE-SPECIFICATION></VALUE></TEST-CONSTANT-ELEMENT><TEST-CONSTANT-ELEMENT><SHORT-NAME><![CDATA[TBC_TOOL_BUSDUMMY]]></SHORT-NAME><DESC><L-2 L="DE"><![CDATA[TBC tool setting]]></L-2></DESC><CATEGORY><![CDATA[TBC_INFO]]></CATEGORY><TYPE-REF DEST="APPLICATION-PRIMITIVE-DATA-TYPE"><![CDATA[/ApplicationDataTypes/ConstType]]></TYPE-REF><VALUE><TEXT-VALUE-SPECIFICATION><VALUE><![CDATA[unknown-version]]></VALUE></TEXT-VALUE-SPECIFICATION></VALUE></TEST-CONSTANT-ELEMENT><TEST-CONSTANT-ELEMENT><SHORT-NAME><![CDATA[TCF_A2L_Battery_Control]]></SHORT-NAME><DESC><L-2 L="DE"><![CDATA[TCF A2L File]]></L-2></DESC><CATEGORY><![CDATA[TCF_INFO]]></CATEGORY><TYPE-REF DEST="APPLICATION-PRIMITIVE-DATA-TYPE"><![CDATA[/ApplicationDataTypes/ConstType]]></TYPE-REF><VALUE><TEXT-VALUE-SPECIFICATION><VALUE><![CDATA[Battery-Control.a2l]]></VALUE></TEXT-VALUE-SPECIFICATION></VALUE></TEST-CONSTANT-ELEMENT><TEST-CONSTANT-ELEMENT><SHORT-NAME><![CDATA[TCF_A2L_Engine_Control]]></SHORT-NAME><DESC><L-2 L="DE"><![CDATA[TCF A2L File]]></L-2></DESC><CATEGORY><![CDATA[TCF_INFO]]></CATEGORY><TYPE-REF DEST="APPLICATION-PRIMITIVE-DATA-TYPE"><![CDATA[/ApplicationDataTypes/ConstType]]></TYPE-REF><VALUE><TEXT-VALUE-SPECIFICATION><VALUE><![CDATA[Engine-Control.a2l]]></VALUE></TEXT-VALUE-SPECIFICATION></VALUE></TEST-CONSTANT-ELEMENT><TEST-CONSTANT-ELEMENT><SHORT-NAME><![CDATA[TCF_MODEL_Plantmodel]]></SHORT-NAME><DESC><L-2 L="DE"><![CDATA[TCF Model File]]></L-2></DESC><CATEGORY><![CDATA[TCF_INFO]]></CATEGORY><TYPE-REF DEST="APPLICATION-PRIMITIVE-DATA-TYPE"><![CDATA[/ApplicationDataTypes/ConstType]]></TYPE-REF><VALUE><TEXT-VALUE-SPECIFICATION><VALUE><![CDATA[EV_HV_HiL.sdf]]></VALUE></TEXT-VALUE-SPECIFICATION></VALUE></TEST-CONSTANT-ELEMENT><TEST-CONSTANT-ELEMENT><SHORT-NAME><![CDATA[version]]></SHORT-NAME><DESC><L-2 L="DE"><![CDATA[]]></L-2></DESC><CATEGORY><![CDATA[CONSTANT]]></CATEGORY><TYPE-REF DEST="APPLICATION-PRIMITIVE-DATA-TYPE"><![CDATA[/ApplicationDataTypes/ConstType]]></TYPE-REF><VALUE><TEXT-VALUE-SPECIFICATION><VALUE><![CDATA[1]]></VALUE></TEXT-VALUE-SPECIFICATION></VALUE></TEST-CONSTANT-ELEMENT></TEST-CONSTANTS><TEST-SETUP-STEPS><TEST-STEP-FOLDER><SHORT-NAME><![CDATA[step_i160]]></SHORT-NAME><LONG-NAME><L-4 L="DE"><![CDATA[Precondition]]></L-4></LONG-NAME><VERDICT-RESULT><VERDICT><![CDATA[NONE]]></VERDICT></VERDICT-RESULT><TEST-STEP><SHORT-NAME><![CDATA[step_i162]]></SHORT-NAME><LONG-NAME><L-4 L="DE"><![CDATA[Check state of charge]]></L-4></LONG-NAME><VERDICT-RESULT><VERDICT><![CDATA[PASSED]]></VERDICT></VERDICT-RESULT></TEST-STEP><TEST-STEP-FOLDER><SHORT-NAME><![CDATA[step_i167]]></SHORT-NAME><LONG-NAME><L-4 L="DE"><![CDATA[Establish "vehicle traction standby" and switch to "E" (4)]]></L-4></LONG-NAME><VERDICT-RESULT><VERDICT><![CDATA[PASSED]]></VERDICT></VERDICT-RESULT><TEST-STEP><SHORT-NAME><![CDATA[step_i185]]></SHORT-NAME><LONG-NAME><L-4 L="DE"><![CDATA[SetVehTrStby]]></L-4></LONG-NAME><CATEGORY><![CDATA[SUB_PACKAGE]]></CATEGORY><VERDICT-DEFINITION><REPORT-FREQUENCY><![CDATA[SINGLE]]></REPORT-FREQUENCY><PROVIDES-VERDICT><![CDATA[EVALUATE]]></PROVIDES-VERDICT><EXPECTED-RESULT><P><L-1 L="DE"><![CDATA[(vehtrstby=1 (Default), timeout=3000 (Default))]]></L-1></P></EXPECTED-RESULT></VERDICT-DEFINITION><VERDICT-RESULT><VERDICT><![CDATA[NONE]]></VERDICT></VERDICT-RESULT></TEST-STEP></TEST-STEP-FOLDER></TEST-STEP-FOLDER></TEST-SETUP-STEPS><TEST-EXECUTION-STEPS><TEST-STEP-FOLDER><SHORT-NAME><![CDATA[step_i193]]></SHORT-NAME><LONG-NAME><L-4 L="DE"><![CDATA[Action]]></L-4></LONG-NAME><VERDICT-RESULT><VERDICT><![CDATA[PASSED]]></VERDICT></VERDICT-RESULT><TEST-STEP><SHORT-NAME><![CDATA[step_i195]]></SHORT-NAME><LONG-NAME><L-4 L="DE"><![CDATA[Set driver request to 50 %]]></L-4></LONG-NAME><VERDICT-RESULT><VERDICT><![CDATA[NONE]]></VERDICT></VERDICT-RESULT></TEST-STEP><TEST-STEP-FOLDER><SHORT-NAME><![CDATA[step_i200]]></SHORT-NAME><LONG-NAME><L-4 L="DE"><![CDATA[Check velocity]]></L-4></LONG-NAME><VERDICT-RESULT><VERDICT><![CDATA[PASSED]]></VERDICT></VERDICT-RESULT><TEST-STEP><SHORT-NAME><![CDATA[step_i209]]></SHORT-NAME><LONG-NAME><L-4 L="DE"><![CDATA[CheckVel]]></L-4></LONG-NAME><CATEGORY><![CDATA[SUB_PACKAGE]]></CATEGORY><VERDICT-DEFINITION><REPORT-FREQUENCY><![CDATA[SINGLE]]></REPORT-FREQUENCY><PROVIDES-VERDICT><![CDATA[EVALUATE]]></PROVIDES-VERDICT><EXPECTED-RESULT><P><L-1 L="DE"><![CDATA[(timeout=9000, vehvel_min=50)]]></L-1></P></EXPECTED-RESULT></VERDICT-DEFINITION><VERDICT-RESULT><VERDICT><![CDATA[PASSED]]></VERDICT></VERDICT-RESULT></TEST-STEP></TEST-STEP-FOLDER><TEST-STEP><SHORT-NAME><![CDATA[step_i213]]></SHORT-NAME><LONG-NAME><L-4 L="DE"><![CDATA[Set driver request to 0 %]]></L-4></LONG-NAME><VERDICT-RESULT><VERDICT><![CDATA[PASSED]]></VERDICT></VERDICT-RESULT></TEST-STEP><TEST-STEP><SHORT-NAME><![CDATA[step_i221]]></SHORT-NAME><LONG-NAME><L-4 L="DE"><![CDATA[Check velocity]]></L-4></LONG-NAME><VERDICT-RESULT><VERDICT><![CDATA[PASSED]]></VERDICT></VERDICT-RESULT></TEST-STEP></TEST-STEP-FOLDER></TEST-EXECUTION-STEPS><TEST-TEARDOWN-STEPS><TEST-STEP-FOLDER><SHORT-NAME><![CDATA[step_i226]]></SHORT-NAME><LONG-NAME><L-4 L="DE"><![CDATA[Postcondition]]></L-4></LONG-NAME><VERDICT-RESULT><VERDICT><![CDATA[NONE]]></VERDICT></VERDICT-RESULT><TEST-STEP><SHORT-NAME><![CDATA[step_i228]]></SHORT-NAME><LONG-NAME><L-4 L="DE"><![CDATA[Stop vehicle]]></L-4></LONG-NAME><VERDICT-RESULT><VERDICT><![CDATA[PASSED]]></VERDICT></VERDICT-RESULT></TEST-STEP><TEST-STEP-FOLDER><SHORT-NAME><![CDATA[step_i236]]></SHORT-NAME><LONG-NAME><L-4 L="DE"><![CDATA[Switch to "P" (0) and unestablish VehTrStby]]></L-4></LONG-NAME><VERDICT-RESULT><VERDICT><![CDATA[NONE]]></VERDICT></VERDICT-RESULT><TEST-STEP><SHORT-NAME><![CDATA[step_i242]]></SHORT-NAME><LONG-NAME><L-4 L="DE"><![CDATA[SetVehTrStby]]></L-4></LONG-NAME><CATEGORY><![CDATA[SUB_PACKAGE]]></CATEGORY><VERDICT-DEFINITION><REPORT-FREQUENCY><![CDATA[SINGLE]]></REPORT-FREQUENCY><PROVIDES-VERDICT><![CDATA[EVALUATE]]></PROVIDES-VERDICT><EXPECTED-RESULT><P><L-1 L="DE"><![CDATA[(vehtrstby=0, timeout=3000 (Default))]]></L-1></P></EXPECTED-RESULT></VERDICT-DEFINITION><VERDICT-RESULT><VERDICT><![CDATA[NONE]]></VERDICT></VERDICT-RESULT></TEST-STEP><TEST-STEP><SHORT-NAME><![CDATA[step_i22814353_79de_4841_96ed_fe88b9b810aa]]></SHORT-NAME><LONG-NAME><L-4 L="DE"><![CDATA[New block]]></L-4></LONG-NAME><VERDICT-RESULT><VERDICT><![CDATA[NONE]]></VERDICT></VERDICT-RESULT></TEST-STEP></TEST-STEP-FOLDER></TEST-STEP-FOLDER><TEST-STEP-FOLDER><SHORT-NAME><![CDATA[step_3]]></SHORT-NAME><LONG-NAME><L-4 L="DE"><![CDATA[Basic Drive (Job_1)]]></L-4></LONG-NAME><VERDICT-RESULT><VERDICT><![CDATA[PASSED]]></VERDICT></VERDICT-RESULT><TEST-STEP-FOLDER><SHORT-NAME><![CDATA[step_60]]></SHORT-NAME><LONG-NAME><L-4 L="DE"><![CDATA[FirstEpisode]]></L-4></LONG-NAME><VERDICT-RESULT><VERDICT><![CDATA[PASSED]]></VERDICT></VERDICT-RESULT><TEST-STEP-FOLDER><SHORT-NAME><![CDATA[step_61]]></SHORT-NAME><LONG-NAME><L-4 L="DE"><![CDATA[Plot all signals]]></L-4></LONG-NAME><VERDICT-RESULT><VERDICT><![CDATA[NONE]]></VERDICT></VERDICT-RESULT><TEST-STEP><SHORT-NAME><![CDATA[step_62]]></SHORT-NAME><LONG-NAME><L-4 L="DE"><![CDATA[plot all signals]]></L-4></LONG-NAME><CATEGORY><![CDATA[TRACE_ANALYSIS_PLOT]]></CATEGORY><VERDICT-RESULT><VERDICT><![CDATA[NONE]]></VERDICT></VERDICT-RESULT></TEST-STEP></TEST-STEP-FOLDER><TEST-STEP-FOLDER><SHORT-NAME><![CDATA[step_63]]></SHORT-NAME><LONG-NAME><L-4 L="DE"><![CDATA[SoC basic check]]></L-4></LONG-NAME><VERDICT-RESULT><VERDICT><![CDATA[PASSED]]></VERDICT></VERDICT-RESULT><TEST-STEP-FOLDER><SHORT-NAME><![CDATA[step_64]]></SHORT-NAME><LONG-NAME><L-4 L="DE"><![CDATA[Expected SoC beaviour]]></L-4></LONG-NAME><VERDICT-RESULT><VERDICT><![CDATA[PASSED]]></VERDICT></VERDICT-RESULT><TEST-STEP><SHORT-NAME><![CDATA[step_65]]></SHORT-NAME><LONG-NAME><L-4 L="DE"><![CDATA[plot SoC behaviour]]></L-4></LONG-NAME><CATEGORY><![CDATA[TRACE_ANALYSIS_PLOT]]></CATEGORY><VERDICT-RESULT><VERDICT><![CDATA[NONE]]></VERDICT></VERDICT-RESULT></TEST-STEP></TEST-STEP-FOLDER></TEST-STEP-FOLDER><TEST-STEP-FOLDER><SHORT-NAME><![CDATA[step_66]]></SHORT-NAME><LONG-NAME><L-4 L="DE"><![CDATA[Vehicle traction standby]]></L-4></LONG-NAME><VERDICT-RESULT><VERDICT><![CDATA[PASSED]]></VERDICT></VERDICT-RESULT><TEST-STEP-FOLDER><SHORT-NAME><![CDATA[step_67]]></SHORT-NAME><LONG-NAME><L-4 L="DE"><![CDATA[Vehicle traction standby is reached]]></L-4></LONG-NAME><VERDICT-RESULT><VERDICT><![CDATA[PASSED]]></VERDICT></VERDICT-RESULT><TEST-STEP><SHORT-NAME><![CDATA[step_68]]></SHORT-NAME><LONG-NAME><L-4 L="DE"><![CDATA[plot VehTrStby]]></L-4></LONG-NAME><CATEGORY><![CDATA[TRACE_ANALYSIS_PLOT]]></CATEGORY><VERDICT-RESULT><VERDICT><![CDATA[NONE]]></VERDICT></VERDICT-RESULT></TEST-STEP></TEST-STEP-FOLDER></TEST-STEP-FOLDER><TEST-STEP-FOLDER><SHORT-NAME><![CDATA[step_69]]></SHORT-NAME><LONG-NAME><L-4 L="DE"><![CDATA[Velocity is greater 0]]></L-4></LONG-NAME><VERDICT-RESULT><VERDICT><![CDATA[PASSED]]></VERDICT></VERDICT-RESULT><TEST-STEP-FOLDER><SHORT-NAME><![CDATA[step_70]]></SHORT-NAME><LONG-NAME><L-4 L="DE"><![CDATA[Check VehVel > 0]]></L-4></LONG-NAME><VERDICT-RESULT><VERDICT><![CDATA[PASSED]]></VERDICT></VERDICT-RESULT><TEST-STEP-FOLDER><SHORT-NAME><![CDATA[step_71]]></SHORT-NAME><LONG-NAME><L-4 L="DE"><![CDATA[Check Vehicle Velocity]]></L-4></LONG-NAME><VERDICT-RESULT><VERDICT><![CDATA[PASSED]]></VERDICT></VERDICT-RESULT><TEST-STEP><SHORT-NAME><![CDATA[step_72]]></SHORT-NAME><LONG-NAME><L-4 L="DE"><![CDATA[plot trigger range]]></L-4></LONG-NAME><CATEGORY><![CDATA[TRACE_ANALYSIS_PLOT]]></CATEGORY><VERDICT-RESULT><VERDICT><![CDATA[NONE]]></VERDICT></VERDICT-RESULT></TEST-STEP><TEST-STEP><SHORT-NAME><![CDATA[step_73]]></SHORT-NAME><LONG-NAME><L-4 L="DE"><![CDATA[trigger range 1]]></L-4></LONG-NAME><VERDICT-RESULT><VERDICT><![CDATA[PASSED]]></VERDICT></VERDICT-RESULT></TEST-STEP></TEST-STEP-FOLDER></TEST-STEP-FOLDER></TEST-STEP-FOLDER></TEST-STEP-FOLDER></TEST-STEP-FOLDER></TEST-TEARDOWN-STEPS></TEST-CASE></TEST-CASES></TEST-SPEC></ELEMENTS><AR-PACKAGES/></AR-PACKAGE><AR-PACKAGE><SHORT-NAME><![CDATA[ApplicationDataTypes]]></SHORT-NAME><ELEMENTS><APPLICATION-PRIMITIVE-DATA-TYPE><SHORT-NAME><![CDATA[ConstType]]></SHORT-NAME></APPLICATION-PRIMITIVE-DATA-TYPE><APPLICATION-PRIMITIVE-DATA-TYPE><SHORT-NAME><![CDATA[Recording]]></SHORT-NAME></APPLICATION-PRIMITIVE-DATA-TYPE><APPLICATION-PRIMITIVE-DATA-TYPE><SHORT-NAME><![CDATA[String]]></SHORT-NAME></APPLICATION-PRIMITIVE-DATA-TYPE></ELEMENTS><AR-PACKAGES/></AR-PACKAGE></AR-PACKAGES><SDGS><SDG GID="DocumentData"><SD GID="UUID"><![CDATA[fe1802d5-2c19-451a-a71a-39fd7ca751ff]]></SD></SDG></SDGS></ATX>