<?xml version="1.0" encoding="UTF-8"?>
<FILES>
  <FILE>
    <ATX-REF-PATH>/TestReports/BasicDrive/BasicDrive_0</ATX-REF-PATH>
    <FILENAME>BasicDrive.pkg</FILENAME>
    <TEMP-DIR>a720ccf4-9360-11eb-95c5-34cff6f2e990</TEMP-DIR>
    <UPLOADER>ECU-TEST 2020.4</UPLOADER>
    <COMMENT></COMMENT>
    <REF-PATH-TYPE>TEST-CASE</REF-PATH-TYPE>
  </FILE>
  <FILE>
    <ATX-REF-PATH>/TestReports/BasicDrive/BasicDrive_0</ATX-REF-PATH>
    <FILENAME>BasicDrive.trf</FILENAME>
    <TEMP-DIR>a720ccf5-9360-11eb-8b4c-34cff6f2e990</TEMP-DIR>
    <UPLOADER>ECU-TEST 2020.4</UPLOADER>
    <COMMENT></COMMENT>
    <REF-PATH-TYPE>TEST-CASE</REF-PATH-TYPE>
  </FILE>
  <FILE>
    <ATX-REF-PATH>/TestReports/BasicDrive/BasicDrive_0</ATX-REF-PATH>
    <FILENAME>SW_Ver_1.tcf</FILENAME>
    <TEMP-DIR>a720f4b6-9360-11eb-a245-34cff6f2e990</TEMP-DIR>
    <UPLOADER>ECU-TEST 2020.4</UPLOADER>
    <COMMENT></COMMENT>
    <REF-PATH-TYPE>TEST-CASE</REF-PATH-TYPE>
  </FILE>
  <FILE>
    <ATX-REF-PATH>/TestReports/BasicDrive/BasicDrive_0</ATX-REF-PATH>
    <FILENAME>Testlab_HiL.tbc</FILENAME>
    <TEMP-DIR>a720f4b7-9360-11eb-89e3-34cff6f2e990</TEMP-DIR>
    <UPLOADER>ECU-TEST 2020.4</UPLOADER>
    <COMMENT></COMMENT>
    <REF-PATH-TYPE>TEST-CASE</REF-PATH-TYPE>
  </FILE>
  <FILE>
    <ATX-REF-PATH>/TestReports/BasicDrive/BasicDrive_0/step_3/step_60/step_61/step_62</ATX-REF-PATH>
    <FILENAME>Plot 0.png</FILENAME>
    <TEMP-DIR>a720f4b8-9360-11eb-a3b5-34cff6f2e990</TEMP-DIR>
    <UPLOADER>ECU-TEST 2020.4</UPLOADER>
    <COMMENT></COMMENT>
    <REF-PATH-TYPE>TEST-STEP</REF-PATH-TYPE>
  </FILE>
  <FILE>
    <ATX-REF-PATH>/TestReports/BasicDrive/BasicDrive_0/step_3/step_60/step_63/step_64/step_65</ATX-REF-PATH>
    <FILENAME>Plot 0.png</FILENAME>
    <TEMP-DIR>a720f4b9-9360-11eb-84ef-34cff6f2e990</TEMP-DIR>
    <UPLOADER>ECU-TEST 2020.4</UPLOADER>
    <COMMENT></COMMENT>
    <REF-PATH-TYPE>TEST-STEP</REF-PATH-TYPE>
  </FILE>
  <FILE>
    <ATX-REF-PATH>/TestReports/BasicDrive/BasicDrive_0/step_3/step_60/step_66/step_67/step_68</ATX-REF-PATH>
    <FILENAME>Plot 0.png</FILENAME>
    <TEMP-DIR>a720f4ba-9360-11eb-b7c7-34cff6f2e990</TEMP-DIR>
    <UPLOADER>ECU-TEST 2020.4</UPLOADER>
    <COMMENT></COMMENT>
    <REF-PATH-TYPE>TEST-STEP</REF-PATH-TYPE>
  </FILE>
  <FILE>
    <ATX-REF-PATH>/TestReports/BasicDrive/BasicDrive_0/step_3/step_60/step_69/step_70/step_71/step_72</ATX-REF-PATH>
    <FILENAME>Plot 0.png</FILENAME>
    <TEMP-DIR>a720f4bb-9360-11eb-8675-34cff6f2e990</TEMP-DIR>
    <UPLOADER>ECU-TEST 2020.4</UPLOADER>
    <COMMENT></COMMENT>
    <REF-PATH-TYPE>TEST-STEP</REF-PATH-TYPE>
  </FILE>
</FILES>
