<?xml version="1.0" encoding="utf-8"?>
<TMS-VERDICT-MAPPINGS format-rev="1" xmlns:xsi="http://www.w3.org/2001/XMLSchema-instance">
	<VERDICT-MAPPINGS>
		<ELEMENT xsi:type="VerdictMapping">
			<ET-VERDICT xsi:type="string">NONE</ET-VERDICT>
			<TM-VERDICTS>
				<ELEMENT xsi:type="string">OTHER</ELEMENT>
			</TM-VERDICTS>
		</ELEMENT>
		<ELEMENT xsi:type="VerdictMapping">
			<ET-VERDICT xsi:type="string">SUCCESS</ET-VERDICT>
			<TM-VERDICTS>
				<ELEMENT xsi:type="string">PASS</ELEMENT>
			</TM-VERDICTS>
		</ELEMENT>
		<ELEMENT xsi:type="VerdictMapping">
			<ET-VERDICT xsi:type="string">INCONCLUSIVE</ET-VERDICT>
			<TM-VERDICTS>
				<ELEMENT xsi:type="string">OTHER</ELEMENT>
			</TM-VERDICTS>
		</ELEMENT>
		<ELEMENT xsi:type="VerdictMapping">
			<ET-VERDICT xsi:type="string">FAILED</ET-VERDICT>
			<TM-VERDICTS>
				<ELEMENT xsi:type="string">FAIL</ELEMENT>
			</TM-VERDICTS>
		</ELEMENT>
		<ELEMENT xsi:type="VerdictMapping">
			<ET-VERDICT xsi:type="string">ERROR</ET-VERDICT>
			<TM-VERDICTS>
				<ELEMENT xsi:type="string">FAIL</ELEMENT>
			</TM-VERDICTS>
		</ELEMENT>
	</VERDICT-MAPPINGS>
	<EXECUTION-STATE-VERDICTS>
		<ELEMENT xsi:type="ExecutionStateVerdicts">
			<STATE-NAME xsi:type="string">PRECONDITION</STATE-NAME>
			<TM-VERDICTS>
				<ELEMENT xsi:type="string">FAIL</ELEMENT>
			</TM-VERDICTS>
		</ELEMENT>
	</EXECUTION-STATE-VERDICTS>
</TMS-VERDICT-MAPPINGS>
